path,score,playlist_path
https://play.anghami.com/playlist/196280256?bid=/8vhmjng6cdb,9,https://old.reddit.com/r/arabicmusic/
https://youtube.com/watch?v=bdizx2_mdzq&amp;feature=share,8,https://old.reddit.com/r/arabicmusic/
https://www.youtube.com/watch?v=plz2dnkk-g0,7,https://old.reddit.com/r/arabicmusic/
https://youtu.be/k9t0suz-xfg,7,https://old.reddit.com/r/arabicmusic/
https://youtu.be/prbblb9pcsq,7,https://old.reddit.com/r/arabicmusic/
https://goldcult.art.blog/2021/01/04/elias-rahbani-passes-away-at-83-after-leaving-his-mark-on-the-music-industry/,6,https://old.reddit.com/r/arabicmusic/
https://soundcloud.com/droob6rb/4hua89ggxj5n,6,https://old.reddit.com/r/arabicmusic/
https://soundcloud.com/reem-3aziz/dfzqkxixgxv4,6,https://old.reddit.com/r/arabicmusic/
https://soundcloud.com/salma-saud/aya9unou-1,6,https://old.reddit.com/r/arabicmusic/
https://soundcloud.com/user2308949/yr2aemn9dtht,6,https://old.reddit.com/r/arabicmusic/
https://v.redd.it/lxgjkf6tsq071,6,https://old.reddit.com/r/arabicmusic/
https://v.redd.it/n1ofxf5o6n061,6,https://old.reddit.com/r/arabicmusic/
https://www.youtube.com/watch?v=samhzepfdts,6,https://old.reddit.com/r/arabicmusic/
https://www.youtube.com/watch?v=ygv3qoexq-y,6,https://old.reddit.com/r/arabicmusic/
https://youtu.be/hdv_c3z0czw,6,https://old.reddit.com/r/arabicmusic/
https://youtu.be/joaycjh27zy,6,https://old.reddit.com/r/arabicmusic/
https://youtu.be/trj-twyfmjy,6,https://old.reddit.com/r/arabicmusic/
http://ma3azef.com,5,https://old.reddit.com/r/arabicmusic/
http://youtube.com/watch?v=buycblkxzni,5,https://old.reddit.com/r/arabicmusic/
https://i.redd.it/h2a215u214y81.jpg,5,https://old.reddit.com/r/arabicmusic/
https://open.spotify.com/playlist/3nbu4n41tfceuvai7etatm?si=-b8kyqb3tmgw5faxqlj4fw,5,https://old.reddit.com/r/arabicmusic/
https://soundcloud.com/sallama-abusalim/i99oyjyhixb1,5,https://old.reddit.com/r/arabicmusic/
https://v.redd.it/lc8uik6f0p171,5,https://old.reddit.com/r/arabicmusic/
https://www.youtube.com/watch?v=10f7jii9kfm,5,https://old.reddit.com/r/arabicmusic/
https://www.youtube.com/watch?v=706guiy1huq,5,https://old.reddit.com/r/arabicmusic/
https://www.youtube.com/watch?v=79omz20inza,5,https://old.reddit.com/r/arabicmusic/
https://www.youtube.com/watch?v=h-k37kbnov0,5,https://old.reddit.com/r/arabicmusic/
https://www.youtube.com/watch?v=o00j1svyfgy,5,https://old.reddit.com/r/arabicmusic/
https://www.youtube.com/watch?v=z0vayerw7xi,5,https://old.reddit.com/r/arabicmusic/
https://www.youtube.com/watch?v=zkkv0kknl7e,5,https://old.reddit.com/r/arabicmusic/
https://www.youtube.com/watch?v=zkxi_whr2fs,5,https://old.reddit.com/r/arabicmusic/
https://youtu.be/dcuusiitzfq,5,https://old.reddit.com/r/arabicmusic/
https://youtu.be/jugezel7jvu,5,https://old.reddit.com/r/arabicmusic/
https://youtu.be/lxdwnxrunne,5,https://old.reddit.com/r/arabicmusic/
https://youtu.be/uxquydfliga,5,https://old.reddit.com/r/arabicmusic/
https://youtu.be/zjrl5qxwsgc,5,https://old.reddit.com/r/arabicmusic/
http://www.youtube.com/watch?v=ia3psewyyji,4,https://old.reddit.com/r/arabicmusic/
http://youtu.be/cklryfpejkq,4,https://old.reddit.com/r/arabicmusic/
http://youtu.be/tm-t5egknym,4,https://old.reddit.com/r/arabicmusic/
https://i.redd.it/i8sko8kvnj051.png,4,https://old.reddit.com/r/arabicmusic/
https://i.redd.it/z0i9jt8co7351.jpg,4,https://old.reddit.com/r/arabicmusic/
https://m.youtube.com/watch?v=zfsq-_cgrr8,4,https://old.reddit.com/r/arabicmusic/
https://open.spotify.com/track/5zkorvsbz3uqjx9son7ejk?si=zqyz2uk9szgzfsh-gf2v0a,4,https://old.reddit.com/r/arabicmusic/
https://soundcloud.com/ahmed-hamdy-2-1/hlw2xvpiboac,4,https://old.reddit.com/r/arabicmusic/
https://soundcloud.com/kefaya-groh-official/2015a-3,4,https://old.reddit.com/r/arabicmusic/
https://soundcloud.com/moustafa-samir-wagdy/ti1ybgpvykuc,4,https://old.reddit.com/r/arabicmusic/
https://soundcloud.com/munt90-1/lstvmw1xlvxx,4,https://old.reddit.com/r/arabicmusic/
https://v.redd.it/30guku0t78p61,4,https://old.reddit.com/r/arabicmusic/
https://v.redd.it/58xp8xhnqmz71,4,https://old.reddit.com/r/arabicmusic/
https://v.redd.it/s94queei81g01,4,https://old.reddit.com/r/arabicmusic/
https://vimeo.com/290474742,4,https://old.reddit.com/r/arabicmusic/
https://www.dailymotion.com/video/x8c2018,4,https://old.reddit.com/r/arabicmusic/
https://www.lyricsovera2z.com/gaw-elbanat-lyrics-mohamed-ramadan-x-redone/,4,https://old.reddit.com/r/arabicmusic/
https://www.youtube.com/attribution_link?a=-sftzpjxgam&amp;u=%2fwatch%3fv%3dx4qpjjhcrfi%26feature%3dshare,4,https://old.reddit.com/r/arabicmusic/
https://www.youtube.com/watch?v=-4sq9bh2djm,4,https://old.reddit.com/r/arabicmusic/
https://www.youtube.com/watch?v=caqpwxpogk8,4,https://old.reddit.com/r/arabicmusic/
https://www.youtube.com/watch?v=g4r0ho4x-h4,4,https://old.reddit.com/r/arabicmusic/
https://www.youtube.com/watch?v=lkve0cyqhjo,4,https://old.reddit.com/r/arabicmusic/
https://www.youtube.com/watch?v=p14-laxgz2a,4,https://old.reddit.com/r/arabicmusic/
https://www.youtube.com/watch?v=rdedy-nd6r0&amp;feature=share,4,https://old.reddit.com/r/arabicmusic/
https://www.youtube.com/watch?v=sms742iikte,4,https://old.reddit.com/r/arabicmusic/
https://www.youtube.com/watch?v=ufcx5liug50,4,https://old.reddit.com/r/arabicmusic/
https://www.youtube.com/watch?v=wy9tuqtu5eq,4,https://old.reddit.com/r/arabicmusic/
https://www.youtube.com/watch?v=x2gbouqqpg0,4,https://old.reddit.com/r/arabicmusic/
https://www.youtube.com/watch?v=yuwpvyc6hzi,4,https://old.reddit.com/r/arabicmusic/
https://youtu.be/7zgq_0abrbq,4,https://old.reddit.com/r/arabicmusic/
https://youtu.be/e86tamgxrkm,4,https://old.reddit.com/r/arabicmusic/
https://youtu.be/iana545grr8,4,https://old.reddit.com/r/arabicmusic/
https://youtu.be/j-xqshi74ly,4,https://old.reddit.com/r/arabicmusic/
https://youtu.be/jejv4zjco_o,4,https://old.reddit.com/r/arabicmusic/
https://youtu.be/pafoinkqcqo,4,https://old.reddit.com/r/arabicmusic/
https://youtu.be/uwlw0osmiw4,4,https://old.reddit.com/r/arabicmusic/
https://youtu.be/xffntrmqqze,4,https://old.reddit.com/r/arabicmusic/
https://youtu.be/y2l7gpueg4a,4,https://old.reddit.com/r/arabicmusic/
https://youtu.be/z-59ubkutxy?t=5,4,https://old.reddit.com/r/arabicmusic/
https://youtube.com/watch?v=o4sp6ln0lys&amp;feature=share,4,https://old.reddit.com/r/arabicmusic/
http://6arbyat.net/upload/uploads/songs/khalid-abdra7man_00005.mp3,3,https://old.reddit.com/r/arabicmusic/
http://www.youtube.com/watch?v=jdjx0uyco3g,3,https://old.reddit.com/r/arabicmusic/
http://youtu.be/ml8cfu0-n5g,3,https://old.reddit.com/r/arabicmusic/
https://listium.com/@thomasdavis/2728/arab-beats,3,https://old.reddit.com/r/arabicmusic/
https://m.youtube.com/watch?v=619izza4y0k,3,https://old.reddit.com/r/arabicmusic/
https://m.youtube.com/watch?v=6wko1s6bnce,3,https://old.reddit.com/r/arabicmusic/
https://m.youtube.com/watch?v=rgzluhsjgdg,3,https://old.reddit.com/r/arabicmusic/
https://open.spotify.com/album/2nrxhozxk7euggsxvooau9?si=qylwz9jvrwshie4kdlvhhg,3,https://old.reddit.com/r/arabicmusic/
https://open.spotify.com/playlist/1jqpsbhlrtbuthlxsxkm8a?si=70abdd7434744e71,3,https://old.reddit.com/r/arabicmusic/
https://open.spotify.com/playlist/5dvdapkq0felitqswgmszh?si=ktgqx2tqrtu1yzh9ofm-fw,3,https://old.reddit.com/r/arabicmusic/
https://open.spotify.com/track/35a4pbomuzio8edevgqnsk?si=uggpgwwhqgmkc78lrtxj4w&amp;utm_source=copy-link,3,https://old.reddit.com/r/arabicmusic/
https://play.google.com/store/apps/details?id=com.phoenix.musiqaa,3,https://old.reddit.com/r/arabicmusic/
https://soundcloud.com/alwasatnews-ly/lxzeqq43o2ns,3,https://old.reddit.com/r/arabicmusic/
https://soundcloud.com/ammar_alfouzan/lora,3,https://old.reddit.com/r/arabicmusic/
https://soundcloud.com/d7eame/gu2mlcr40uix,3,https://old.reddit.com/r/arabicmusic/
https://soundcloud.com/dazedandconfused/gcc-dazed-mini-mix,3,https://old.reddit.com/r/arabicmusic/
https://soundcloud.com/desert-island-disco/did-midnight-caravan,3,https://old.reddit.com/r/arabicmusic/
https://soundcloud.com/e-luce-fu/iqpj5ltj3ta7,3,https://old.reddit.com/r/arabicmusic/
https://soundcloud.com/ma3azef/wmzn1lpyu8rc,3,https://old.reddit.com/r/arabicmusic/
https://soundcloud.com/maryam-qutb/eykzdsea3wte,3,https://old.reddit.com/r/arabicmusic/
https://soundcloud.com/mosaic87/wmigksektkrq,3,https://old.reddit.com/r/arabicmusic/
https://soundcloud.com/nourkhan/ghorabaa,3,https://old.reddit.com/r/arabicmusic/
https://soundcloud.com/paperplanes1948/iftah-ya-simsim,3,https://old.reddit.com/r/arabicmusic/
https://soundcloud.com/sara-youssri-2/azuu5niynp4t,3,https://old.reddit.com/r/arabicmusic/
https://soundcloud.com/trevor-kowalski/desert-big,3,https://old.reddit.com/r/arabicmusic/
https://soundcloud.com/wafaa-farouk/6pa6av9ebszv,3,https://old.reddit.com/r/arabicmusic/
https://v.redd.it/08gzo0oadai81,3,https://old.reddit.com/r/arabicmusic/
https://v.redd.it/379fzssy9hr71,3,https://old.reddit.com/r/arabicmusic/
https://v.redd.it/ayooxn36rv361,3,https://old.reddit.com/r/arabicmusic/
https://v.redd.it/cfzirwv6g8471,3,https://old.reddit.com/r/arabicmusic/
https://www.instagram.com/reels/audio/256286255881606,3,https://old.reddit.com/r/arabicmusic/
https://www.qalimat.com/lyrics/%d9%83%d9%84%d9%85%d8%a7%d8%aa-%d8%a7%d8%ba%d9%86%d9%8a%d8%a9-%d9%84%d9%82%d9%8a%d8%aa-%d8%a7%d9%84%d8%b7%d8%a8%d8%b7%d8%a8%d8%a9-%d8%ad%d8%b3%d9%8a%d9%86-%d8%a7%d9%84%d8%ac%d8%b3%d9%85%d9%8a/,3,https://old.reddit.com/r/arabicmusic/
https://www.qalimat.com/lyrics/%d9%83%d9%84%d9%85%d8%a7%d8%aa-%d8%a7%d8%ba%d9%86%d9%8a%d8%a9-%d9%85%d8%b5%d8%a7%d8%ad%d8%a8%d8%b4-%d8%a7%d9%84%d9%81%d8%b1%d8%a7%d9%81%d9%8a%d8%b1-%d8%a7%d9%84%d8%b5%d9%88%d8%a7%d8%b1%d9%8a%d8%ae/,3,https://old.reddit.com/r/arabicmusic/
https://www.radio.garden/listen/alrasheed-fm-baghdad/cjlrrcqu,3,https://old.reddit.com/r/arabicmusic/
https://www.reddit.com/r/arabicmusic/comments/qb2jbs/deleted_by_user/,3,https://old.reddit.com/r/arabicmusic/
https://www.tiktok.com/@classicalarabicmusic/video/7068040008128531714?is_from_webapp=1&amp;sender_device=pc&amp;web_id7043900281830753793,3,https://old.reddit.com/r/arabicmusic/
https://www.youtube.com/watch?v=-xric17kks8,3,https://old.reddit.com/r/arabicmusic/
https://www.youtube.com/watch?v=113pc1vsrcg,3,https://old.reddit.com/r/arabicmusic/
https://www.youtube.com/watch?v=34-p1u9m9tm,3,https://old.reddit.com/r/arabicmusic/
https://www.youtube.com/watch?v=4fybqyvx5zi,3,https://old.reddit.com/r/arabicmusic/
https://www.youtube.com/watch?v=605k5olu7yw&amp;ab_channel=leb_nightlife,3,https://old.reddit.com/r/arabicmusic/
https://www.youtube.com/watch?v=73ewczhyttq,3,https://old.reddit.com/r/arabicmusic/
https://www.youtube.com/watch?v=74sc9359whi,3,https://old.reddit.com/r/arabicmusic/
https://www.youtube.com/watch?v=8gzswwo7chw,3,https://old.reddit.com/r/arabicmusic/
https://www.youtube.com/watch?v=8lrjwpaxkhe,3,https://old.reddit.com/r/arabicmusic/
https://www.youtube.com/watch?v=_0wpq6op1ay,3,https://old.reddit.com/r/arabicmusic/
https://www.youtube.com/watch?v=ahf4mpnnvau,3,https://old.reddit.com/r/arabicmusic/
https://www.youtube.com/watch?v=ajidxqneadk,3,https://old.reddit.com/r/arabicmusic/
https://www.youtube.com/watch?v=aku7hxvyft8,3,https://old.reddit.com/r/arabicmusic/
https://www.youtube.com/watch?v=cspc9puoxko,3,https://old.reddit.com/r/arabicmusic/
https://www.youtube.com/watch?v=cv4kstggyfa,3,https://old.reddit.com/r/arabicmusic/
https://www.youtube.com/watch?v=dws0q-k1bpy,3,https://old.reddit.com/r/arabicmusic/
https://www.youtube.com/watch?v=ejgobspp4my,3,https://old.reddit.com/r/arabicmusic/
https://www.youtube.com/watch?v=f_he6pwwmvi,3,https://old.reddit.com/r/arabicmusic/
https://www.youtube.com/watch?v=ff08xoaslxg,3,https://old.reddit.com/r/arabicmusic/
https://www.youtube.com/watch?v=gd3qf09dqs4,3,https://old.reddit.com/r/arabicmusic/
https://www.youtube.com/watch?v=kizoquexiwc,3,https://old.reddit.com/r/arabicmusic/
https://www.youtube.com/watch?v=koxh8u9boai&amp;feature=share,3,https://old.reddit.com/r/arabicmusic/
https://www.youtube.com/watch?v=kzespeakrqm,3,https://old.reddit.com/r/arabicmusic/
https://www.youtube.com/watch?v=lh9pklszkay,3,https://old.reddit.com/r/arabicmusic/
https://www.youtube.com/watch?v=lq3n2kucjiy,3,https://old.reddit.com/r/arabicmusic/
https://www.youtube.com/watch?v=mh3btq2ydny,3,https://old.reddit.com/r/arabicmusic/
https://www.youtube.com/watch?v=mn0ilhz6aiu,3,https://old.reddit.com/r/arabicmusic/
https://www.youtube.com/watch?v=n3pg7vtowrs,3,https://old.reddit.com/r/arabicmusic/
https://www.youtube.com/watch?v=ng39rrqeev4,3,https://old.reddit.com/r/arabicmusic/
https://www.youtube.com/watch?v=oevgnfpfxja&amp;ab_channel=leb_nightlife,3,https://old.reddit.com/r/arabicmusic/
https://www.youtube.com/watch?v=p0pkff8kt4k,3,https://old.reddit.com/r/arabicmusic/
https://www.youtube.com/watch?v=pbc3-l4j6xi,3,https://old.reddit.com/r/arabicmusic/
https://www.youtube.com/watch?v=pcvswk4orle,3,https://old.reddit.com/r/arabicmusic/
https://www.youtube.com/watch?v=s0_qytuggau,3,https://old.reddit.com/r/arabicmusic/
https://www.youtube.com/watch?v=st3zr7czm7s,3,https://old.reddit.com/r/arabicmusic/
https://www.youtube.com/watch?v=t_oyvemdsuw,3,https://old.reddit.com/r/arabicmusic/
https://www.youtube.com/watch?v=thdeyxao3py,3,https://old.reddit.com/r/arabicmusic/
https://www.youtube.com/watch?v=uqkdngmrbfw,3,https://old.reddit.com/r/arabicmusic/
https://www.youtube.com/watch?v=uqmlepmcfne,3,https://old.reddit.com/r/arabicmusic/
https://www.youtube.com/watch?v=v9wnm38otu0,3,https://old.reddit.com/r/arabicmusic/
https://www.youtube.com/watch?v=w35nwqlgbhi,3,https://old.reddit.com/r/arabicmusic/
https://www.youtube.com/watch?v=wbsimnbdbfa,3,https://old.reddit.com/r/arabicmusic/
https://www.youtube.com/watch?v=xb6f8nfmoj4,3,https://old.reddit.com/r/arabicmusic/
https://www.youtube.com/watch?v=zjeh1pvcd8s&amp;feature=share,3,https://old.reddit.com/r/arabicmusic/
https://youtu.be/0gdjm4r2sws,3,https://old.reddit.com/r/arabicmusic/
https://youtu.be/2o1f1izpn4a,3,https://old.reddit.com/r/arabicmusic/
https://youtu.be/71985jwo3rq?list=pls6ugb_so9smrpgx6jsxrm6-kim3m_akl,3,https://old.reddit.com/r/arabicmusic/
https://youtu.be/ah-j2zmxvke,3,https://old.reddit.com/r/arabicmusic/
https://youtu.be/ccojlie4pr4,3,https://old.reddit.com/r/arabicmusic/
https://youtu.be/clftwhp667u,3,https://old.reddit.com/r/arabicmusic/
https://youtu.be/dr6zr4-9ugg,3,https://old.reddit.com/r/arabicmusic/
https://youtu.be/ey0canyrvls,3,https://old.reddit.com/r/arabicmusic/
https://youtu.be/mzips9hujle,3,https://old.reddit.com/r/arabicmusic/
https://youtu.be/nd7bqfbzhnq?t=517,3,https://old.reddit.com/r/arabicmusic/
https://youtu.be/omhrojy2jei,3,https://old.reddit.com/r/arabicmusic/
https://youtu.be/qbvql6lixoa,3,https://old.reddit.com/r/arabicmusic/
https://youtu.be/qmez_pweeoo,3,https://old.reddit.com/r/arabicmusic/
https://youtu.be/qukkixwqyx0,3,https://old.reddit.com/r/arabicmusic/
https://youtu.be/rcx2tbhss1i,3,https://old.reddit.com/r/arabicmusic/
https://youtu.be/rkpfrhxcxfi,3,https://old.reddit.com/r/arabicmusic/
https://youtu.be/rlrgmnhcobg,3,https://old.reddit.com/r/arabicmusic/
https://youtu.be/vyxobww6xay,3,https://old.reddit.com/r/arabicmusic/
https://youtu.be/w-mxhfdwzie,3,https://old.reddit.com/r/arabicmusic/
https://youtu.be/xfpg9o83yoo,3,https://old.reddit.com/r/arabicmusic/
https://youtu.be/ycui3x5wb30,3,https://old.reddit.com/r/arabicmusic/
https://youtube.com/watch?v=iqrecilliju&amp;feature=share,3,https://old.reddit.com/r/arabicmusic/
https://youtube.com/watch?v=th7fzumepzu&amp;feature=share,3,https://old.reddit.com/r/arabicmusic/
http://metalheads.co.in/content/arkan-hayati,2,https://old.reddit.com/r/arabicmusic/
http://shahidfree4u.me,2,https://old.reddit.com/r/arabicmusic/
http://www.youtube.com/attribution_link?a=7knt7udw358&amp;u=%2fwatch%3fv%3dmusjppa41r4%26feature%3dshare,2,https://old.reddit.com/r/arabicmusic/
http://www.youtube.com/attribution_link?a=nfmioy2cezu&amp;u=%2fwatch%3fv%3d9nu_pournvk%26list%3drdity1cx4kqic%26feature%3dshare,2,https://old.reddit.com/r/arabicmusic/
http://www.youtube.com/attribution_link?a=t0jw1glmxrm&amp;u=%2fwatch%3fv%3dbhmrzjgi4h0%26feature%3dshare,2,https://old.reddit.com/r/arabicmusic/
http://www.youtube.com/watch?v=2sgrvfnpoqu,2,https://old.reddit.com/r/arabicmusic/
http://www.youtube.com/watch?v=mkgkuq4_t_s,2,https://old.reddit.com/r/arabicmusic/
http://www.youtube.com/watch?v=pzsm0sjkose&amp;feature=related,2,https://old.reddit.com/r/arabicmusic/
http://www.zotzinguitarlessons.com/simulating-arabic-music-on-your-guitar/,2,https://old.reddit.com/r/arabicmusic/
http://youtu.be/6v2dxl2l-me,2,https://old.reddit.com/r/arabicmusic/
http://youtu.be/lftsjriza5y,2,https://old.reddit.com/r/arabicmusic/
https://distrokid.com/hyperfollow/rayan6/3younik-feat-dirham,2,https://old.reddit.com/r/arabicmusic/
https://filebin.net/np2ijqftmlphcaj0,2,https://old.reddit.com/r/arabicmusic/
https://i.redd.it/727nw9bhbjk61.jpg,2,https://old.reddit.com/r/arabicmusic/
https://i.redd.it/dehd9eoh7ts11.png,2,https://old.reddit.com/r/arabicmusic/
https://i.redd.it/hx475tuxmp401.jpg,2,https://old.reddit.com/r/arabicmusic/
https://i.redd.it/l85bek2hahf81.jpg,2,https://old.reddit.com/r/arabicmusic/
https://i.redd.it/uqh7ftlzi3p01.jpg,2,https://old.reddit.com/r/arabicmusic/
https://i.redd.it/uwe80h222la61.jpg,2,https://old.reddit.com/r/arabicmusic/
https://open.spotify.com/playlist/7s7dameg9dabx1yavky1e1?si=bd96f503a2474fc2,2,https://old.reddit.com/r/arabicmusic/
https://open.spotify.com/track/4ezs4kq0b9tuyri6ngxayr?si=atnjf23qskq8pu3rmi7vya&amp;utm_source=copy-link,2,https://old.reddit.com/r/arabicmusic/
https://play.google.com/store/apps/details?id=com.newandromo.dev502387.app750190,2,https://old.reddit.com/r/arabicmusic/
https://soundcloud.com/6lali/iikmcxrkebsi,2,https://old.reddit.com/r/arabicmusic/
https://soundcloud.com/7bk_n3m/ofsklbyq0ua4,2,https://old.reddit.com/r/arabicmusic/
https://soundcloud.com/ab-ghonaim-1/bayyati-sharqi-mode-adib-el,2,https://old.reddit.com/r/arabicmusic/
https://soundcloud.com/ahmed-hamdy-2-1/gldqholuxnoh,2,https://old.reddit.com/r/arabicmusic/
https://soundcloud.com/al-farabi-music/story-of-a-king-feat-mothanna,2,https://old.reddit.com/r/arabicmusic/
https://soundcloud.com/alihasandw95/yanaseem,2,https://old.reddit.com/r/arabicmusic/
https://soundcloud.com/alkauthar/ayyuha-al-ashiq,2,https://old.reddit.com/r/arabicmusic/
https://soundcloud.com/aly-ahmed-ii/rodsxupgdufc,2,https://old.reddit.com/r/arabicmusic/
https://soundcloud.com/ars-ne-lupin/dbzzplaqf9oj,2,https://old.reddit.com/r/arabicmusic/
https://soundcloud.com/d7eame/muwab4os29fn,2,https://old.reddit.com/r/arabicmusic/
https://soundcloud.com/eng-eyyas-1/xlqgv76u4gpp,2,https://old.reddit.com/r/arabicmusic/
https://soundcloud.com/kilsfred-1/6jphoknkvup0,2,https://old.reddit.com/r/arabicmusic/
https://soundcloud.com/legend-53/8zgcxcmt7mhp,2,https://old.reddit.com/r/arabicmusic/
https://soundcloud.com/mahmoud-kassem-1/2nwzcvrye0zz,2,https://old.reddit.com/r/arabicmusic/
https://soundcloud.com/maybe_0/esaaaljuhani,2,https://old.reddit.com/r/arabicmusic/
https://soundcloud.com/nda-h/kipbv7iwzzgo,2,https://old.reddit.com/r/arabicmusic/
https://soundcloud.com/noheir-emad/kotfbg3qcjzg,2,https://old.reddit.com/r/arabicmusic/
https://soundcloud.com/omar-zydan/fq1cqm3annz5,2,https://old.reddit.com/r/arabicmusic/
https://soundcloud.com/paperplanes1948/paperplanes1948-v,2,https://old.reddit.com/r/arabicmusic/
https://soundcloud.com/racha-jhr/iiblecuclas7,2,https://old.reddit.com/r/arabicmusic/
https://soundcloud.com/ramigb/makhtoota1,2,https://old.reddit.com/r/arabicmusic/
https://soundcloud.com/tarabband/baghdad-choby-1,2,https://old.reddit.com/r/arabicmusic/
https://soundcloud.com/vito123/8kkmvm0ox5re,2,https://old.reddit.com/r/arabicmusic/
https://soundcloud.com/wa_lid/ax6gskmataff,2,https://old.reddit.com/r/arabicmusic/
https://v.redd.it/84fdqpk9kah91,2,https://old.reddit.com/r/arabicmusic/
https://v.redd.it/dxtb8wz2vph51,2,https://old.reddit.com/r/arabicmusic/
https://v.redd.it/i7softbuly811,2,https://old.reddit.com/r/arabicmusic/
https://v.redd.it/ks1bozg04uw11,2,https://old.reddit.com/r/arabicmusic/
https://v.redd.it/rk9tvzijewr51,2,https://old.reddit.com/r/arabicmusic/
https://v.redd.it/u3fiv7zxrzj51,2,https://old.reddit.com/r/arabicmusic/
https://v.redd.it/urt015aowaf91,2,https://old.reddit.com/r/arabicmusic/
https://vimeo.com/138662245,2,https://old.reddit.com/r/arabicmusic/
https://www.arabsounds.net/best-amr-diab-songs-of-all-time/,2,https://old.reddit.com/r/arabicmusic/
https://www.tiktok.com/@classicalarabicmusic/video/7068448984695590145?is_copy_url=1&amp;is_from_webapp=v1,2,https://old.reddit.com/r/arabicmusic/
https://www.youtube.com/attribution_link?a=bs_rgq2kmam&amp;u=%2fwatch%3fv%3drgwp8iyxvys%26feature%3dshare,2,https://old.reddit.com/r/arabicmusic/
https://www.youtube.com/attribution_link?a=et5snlgkn7e&amp;u=%2fwatch%3fv%3di2wimat8cam%26feature%3dshare,2,https://old.reddit.com/r/arabicmusic/
https://www.youtube.com/attribution_link?a=g3xcoqetxak&amp;u=%2fwatch%3fv%3dzed4thowbpi%26feature%3dshare,2,https://old.reddit.com/r/arabicmusic/
https://www.youtube.com/attribution_link?a=ggis2rgvp60&amp;u=%2fwatch%3fv%3dpbl2wui7lkm%26feature%3dshare,2,https://old.reddit.com/r/arabicmusic/
https://www.youtube.com/attribution_link?a=lprol7t8sky&amp;u=%2fwatch%3fv%3dfctg5ihmiuq%26feature%3dshare,2,https://old.reddit.com/r/arabicmusic/
https://www.youtube.com/attribution_link?a=md4yhb1tyl0&amp;u=%2fwatch%3fv%3dnvoop-224us%26feature%3dshare,2,https://old.reddit.com/r/arabicmusic/
https://www.youtube.com/attribution_link?a=n_ze1yrktb8&amp;u=%2fwatch%3fv%3dgaq0pzcyzgy%26feature%3dshare,2,https://old.reddit.com/r/arabicmusic/
https://www.youtube.com/attribution_link?a=ncv1k9ssepo&amp;u=%2fwatch%3fv%3dcb8p6p2kprm%26feature%3dshare,2,https://old.reddit.com/r/arabicmusic/
https://www.youtube.com/attribution_link?a=pjzivz9he7e&amp;u=%2fwatch%3fv%3dxb7vtbweyei%26feature%3dshare,2,https://old.reddit.com/r/arabicmusic/
https://www.youtube.com/attribution_link?a=s8knq4-uuoa&amp;u=%2fwatch%3fv%3dv94mrbsdml0%26feature%3dshare,2,https://old.reddit.com/r/arabicmusic/
https://www.youtube.com/attribution_link?a=syrd5g4z-4c&amp;u=%2fwatch%3fv%3dpt0jwi_qfrq%26feature%3dshare,2,https://old.reddit.com/r/arabicmusic/
https://www.youtube.com/attribution_link?a=z2zvctd68yy&amp;u=%2fwatch%3fv%3d9itqdk7ownc%26feature%3dshare,2,https://old.reddit.com/r/arabicmusic/
https://www.youtube.com/watch?v=-ak1wowzogu,2,https://old.reddit.com/r/arabicmusic/
https://www.youtube.com/watch?v=031-puqimq8&amp;feature=share,2,https://old.reddit.com/r/arabicmusic/
https://www.youtube.com/watch?v=1iouui3f-yq,2,https://old.reddit.com/r/arabicmusic/
https://www.youtube.com/watch?v=3twgjolebmq,2,https://old.reddit.com/r/arabicmusic/
https://www.youtube.com/watch?v=4am-_1sswag,2,https://old.reddit.com/r/arabicmusic/
https://www.youtube.com/watch?v=5wl7sxe3iag,2,https://old.reddit.com/r/arabicmusic/
https://www.youtube.com/watch?v=8riy0r8jypc,2,https://old.reddit.com/r/arabicmusic/
https://www.youtube.com/watch?v=9-mftstovlu,2,https://old.reddit.com/r/arabicmusic/
https://www.youtube.com/watch?v=aduhmyoxwqy,2,https://old.reddit.com/r/arabicmusic/
https://www.youtube.com/watch?v=aeopbiwlaui,2,https://old.reddit.com/r/arabicmusic/
https://www.youtube.com/watch?v=c2rfoxrlon0,2,https://old.reddit.com/r/arabicmusic/
https://www.youtube.com/watch?v=cfcoiqk257u&amp;feature=share,2,https://old.reddit.com/r/arabicmusic/
https://www.youtube.com/watch?v=d019uaso9su&amp;feature=share,2,https://old.reddit.com/r/arabicmusic/
https://www.youtube.com/watch?v=db2mkokqakk,2,https://old.reddit.com/r/arabicmusic/
https://www.youtube.com/watch?v=dxxc4oc8wzu&amp;feature=share,2,https://old.reddit.com/r/arabicmusic/
https://www.youtube.com/watch?v=enz-lkdry0o,2,https://old.reddit.com/r/arabicmusic/
https://www.youtube.com/watch?v=ezoo7l0hsec,2,https://old.reddit.com/r/arabicmusic/
https://www.youtube.com/watch?v=ggpwhos1v3k,2,https://old.reddit.com/r/arabicmusic/
https://www.youtube.com/watch?v=gmundwtflys,2,https://old.reddit.com/r/arabicmusic/
https://www.youtube.com/watch?v=gnpakaf4-fo,2,https://old.reddit.com/r/arabicmusic/
https://www.youtube.com/watch?v=gytuhiqvwz0,2,https://old.reddit.com/r/arabicmusic/
https://www.youtube.com/watch?v=ihcf8rsb_9w,2,https://old.reddit.com/r/arabicmusic/
https://www.youtube.com/watch?v=jbmktp0omz0,2,https://old.reddit.com/r/arabicmusic/
https://www.youtube.com/watch?v=jojxidsxfho,2,https://old.reddit.com/r/arabicmusic/
https://www.youtube.com/watch?v=mlbd8swukho&amp;list=plkcrbn8wpf15ckf1gouvbuxej8e2qjdpc&amp;index=2,2,https://old.reddit.com/r/arabicmusic/
https://www.youtube.com/watch?v=nsgeps7wcr8,2,https://old.reddit.com/r/arabicmusic/
https://www.youtube.com/watch?v=ohtqxrjo97c,2,https://old.reddit.com/r/arabicmusic/
https://www.youtube.com/watch?v=oixuoceqsie,2,https://old.reddit.com/r/arabicmusic/
https://www.youtube.com/watch?v=om52hfdx-k8,2,https://old.reddit.com/r/arabicmusic/
https://www.youtube.com/watch?v=q9n0r6jlhcm&amp;feature=youtu.be,2,https://old.reddit.com/r/arabicmusic/
https://www.youtube.com/watch?v=qhnfvrwhwnu,2,https://old.reddit.com/r/arabicmusic/
https://www.youtube.com/watch?v=r_fr7cstg0i,2,https://old.reddit.com/r/arabicmusic/
https://www.youtube.com/watch?v=ro6ekkzdda0,2,https://old.reddit.com/r/arabicmusic/
https://www.youtube.com/watch?v=to_jtjq0stk,2,https://old.reddit.com/r/arabicmusic/
https://www.youtube.com/watch?v=tr9n22g_ijk,2,https://old.reddit.com/r/arabicmusic/
https://www.youtube.com/watch?v=v4yzx3mats0,2,https://old.reddit.com/r/arabicmusic/
https://www.youtube.com/watch?v=vuwn2jm6wfg,2,https://old.reddit.com/r/arabicmusic/
https://www.youtube.com/watch?v=vvpjjoovm-0,2,https://old.reddit.com/r/arabicmusic/
https://www.youtube.com/watch?v=vzyyehmhtqy,2,https://old.reddit.com/r/arabicmusic/
https://www.youtube.com/watch?v=wppwefdvahq,2,https://old.reddit.com/r/arabicmusic/
https://www.youtube.com/watch?v=xqh_r8m5ny4,2,https://old.reddit.com/r/arabicmusic/
https://www.youtube.com/watch?v=xxugp3r2woe,2,https://old.reddit.com/r/arabicmusic/
https://www.youtube.com/watch?v=ybcvei3dcnm,2,https://old.reddit.com/r/arabicmusic/
https://www.youtube.com/watch?v=yme-dvb1tu4,2,https://old.reddit.com/r/arabicmusic/
https://www.youtube.com/watch?v=yrpezuzzf_0,2,https://old.reddit.com/r/arabicmusic/
https://www.youtube.com/watch?v=zwev5ijky2y,2,https://old.reddit.com/r/arabicmusic/
https://youtu.be/-6-kiau7ldg,2,https://old.reddit.com/r/arabicmusic/
https://youtu.be/0okf-8bfjni,2,https://old.reddit.com/r/arabicmusic/
https://youtu.be/0v-zbsnokha,2,https://old.reddit.com/r/arabicmusic/
https://youtu.be/3-aaehfuhrk,2,https://old.reddit.com/r/arabicmusic/
https://youtu.be/3lin5yayqvg,2,https://old.reddit.com/r/arabicmusic/
https://youtu.be/4l4hfzw0o8i,2,https://old.reddit.com/r/arabicmusic/
https://youtu.be/5l-shw72yzy,2,https://old.reddit.com/r/arabicmusic/
https://youtu.be/74gzolvafda,2,https://old.reddit.com/r/arabicmusic/
https://youtu.be/7iil6dpo9vq,2,https://old.reddit.com/r/arabicmusic/
https://youtu.be/7w9ix-gwrlw,2,https://old.reddit.com/r/arabicmusic/
https://youtu.be/94mun1a4lri,2,https://old.reddit.com/r/arabicmusic/
https://youtu.be/_mdmijahl7q,2,https://old.reddit.com/r/arabicmusic/
https://youtu.be/_wsgu_vurfu,2,https://old.reddit.com/r/arabicmusic/
https://youtu.be/aryrc-faaom,2,https://old.reddit.com/r/arabicmusic/
https://youtu.be/azsqbrov-sm?t=52,2,https://old.reddit.com/r/arabicmusic/
https://youtu.be/ccygogptw3c,2,https://old.reddit.com/r/arabicmusic/
https://youtu.be/d-taljwzzfm,2,https://old.reddit.com/r/arabicmusic/
https://youtu.be/dpu-knv5ytm,2,https://old.reddit.com/r/arabicmusic/
https://youtu.be/dqpszcoonky,2,https://old.reddit.com/r/arabicmusic/
https://youtu.be/dtcqf9rbedm,2,https://old.reddit.com/r/arabicmusic/
https://youtu.be/e5kqwuyomye,2,https://old.reddit.com/r/arabicmusic/
https://youtu.be/e9zqoyp3qdm,2,https://old.reddit.com/r/arabicmusic/
https://youtu.be/fx7ijq_je40,2,https://old.reddit.com/r/arabicmusic/
https://youtu.be/igxjhiv-sjm,2,https://old.reddit.com/r/arabicmusic/
https://youtu.be/ijycuo8uaxo,2,https://old.reddit.com/r/arabicmusic/
https://youtu.be/ikuyn4mib84,2,https://old.reddit.com/r/arabicmusic/
https://youtu.be/ivth0scjr68,2,https://old.reddit.com/r/arabicmusic/
https://youtu.be/kdsftkunx_c,2,https://old.reddit.com/r/arabicmusic/
https://youtu.be/ke3zcgqodyk,2,https://old.reddit.com/r/arabicmusic/
https://youtu.be/kfkrzftgeny,2,https://old.reddit.com/r/arabicmusic/
https://youtu.be/l5dwntmqolu,2,https://old.reddit.com/r/arabicmusic/
https://youtu.be/msc5zhwkbo0,2,https://old.reddit.com/r/arabicmusic/
https://youtu.be/nce9zeo2xmg,2,https://old.reddit.com/r/arabicmusic/
https://youtu.be/nkruwksv20o?t=601,2,https://old.reddit.com/r/arabicmusic/
https://youtu.be/okikavnpwca,2,https://old.reddit.com/r/arabicmusic/
https://youtu.be/osgfqdkqduc,2,https://old.reddit.com/r/arabicmusic/
https://youtu.be/p05mxsj3fjm,2,https://old.reddit.com/r/arabicmusic/
https://youtu.be/pifle6fnrsg,2,https://old.reddit.com/r/arabicmusic/
https://youtu.be/q1dn7dni7bg,2,https://old.reddit.com/r/arabicmusic/
https://youtu.be/qrsk8bcsqwi,2,https://old.reddit.com/r/arabicmusic/
https://youtu.be/rdegkkplhww,2,https://old.reddit.com/r/arabicmusic/
https://youtu.be/ubgv6vyev70,2,https://old.reddit.com/r/arabicmusic/
https://youtu.be/uyhg-oamcwq,2,https://old.reddit.com/r/arabicmusic/
https://youtu.be/vsd1p5kasag,2,https://old.reddit.com/r/arabicmusic/
https://youtu.be/yhtvpbb37ye,2,https://old.reddit.com/r/arabicmusic/
https://youtu.be/zmnnwgcr52w,2,https://old.reddit.com/r/arabicmusic/
https://youtu.be/zmnnwgcr52w,2,https://old.reddit.com/r/arabicmusic/
https://youtu.be/ztelcyxsszy,2,https://old.reddit.com/r/arabicmusic/
https://youtube.com/shorts/qbukvi5i6wo?feature=share,2,https://old.reddit.com/r/arabicmusic/
https://youtube.com/shorts/tgwevwufeiy?feature=share,2,https://old.reddit.com/r/arabicmusic/
https://youtube.com/watch?v=1lzdrc5iblg&amp;feature=share,2,https://old.reddit.com/r/arabicmusic/
https://youtube.com/watch?v=3ufqt4jdmee&amp;feature=share,2,https://old.reddit.com/r/arabicmusic/
https://youtube.com/watch?v=3xf4qwymheg&amp;feature=share,2,https://old.reddit.com/r/arabicmusic/
https://youtube.com/watch?v=4tq4pcut1r0&amp;feature=share,2,https://old.reddit.com/r/arabicmusic/
https://youtube.com/watch?v=5nl1jlgyf4k&amp;feature=share,2,https://old.reddit.com/r/arabicmusic/
https://youtube.com/watch?v=6d2dzvbc6h0&amp;feature=share,2,https://old.reddit.com/r/arabicmusic/
https://youtube.com/watch?v=6d2dzvbc6h0&amp;feature=share,2,https://old.reddit.com/r/arabicmusic/
https://youtube.com/watch?v=6d2dzvbc6h0&amp;feature=share,2,https://old.reddit.com/r/arabicmusic/
https://youtube.com/watch?v=8ptt1jvkyoy&amp;feature=share,2,https://old.reddit.com/r/arabicmusic/
https://youtube.com/watch?v=azwv2zyah_e&amp;feature=share,2,https://old.reddit.com/r/arabicmusic/
https://youtube.com/watch?v=b-as_oh24ta&amp;feature=share,2,https://old.reddit.com/r/arabicmusic/
https://youtube.com/watch?v=fcqy52c5idy&amp;feature=share,2,https://old.reddit.com/r/arabicmusic/
https://youtube.com/watch?v=gv2q1ouxx04&amp;feature=share,2,https://old.reddit.com/r/arabicmusic/
https://youtube.com/watch?v=hi4j7quziik&amp;feature=share,2,https://old.reddit.com/r/arabicmusic/
https://youtube.com/watch?v=iv2kf5uipcq&amp;feature=share,2,https://old.reddit.com/r/arabicmusic/
https://youtube.com/watch?v=odoseednn5u&amp;feature=share,2,https://old.reddit.com/r/arabicmusic/
https://youtube.com/watch?v=paq-jhxegi8&amp;feature=share,2,https://old.reddit.com/r/arabicmusic/
https://youtube.com/watch?v=qvzzx-ipsns&amp;feature=share,2,https://old.reddit.com/r/arabicmusic/
https://youtube.com/watch?v=z1ijd5ypwqm&amp;feature=share,2,https://old.reddit.com/r/arabicmusic/
http://arbiyamp3.com/mp3/%d8%a7%d8%ac%d8%af%d8%af-%d9%85%d9%87%d8%b1%d8%ac%d8%a7%d9%86%d8%a7%d8%aa-2017,1,https://old.reddit.com/r/arabicmusic/
http://arbiyamp3.com/mp3/%d9%86%d8%a7%d8%b5%d9%8a%d9%81-%d8%b2%d9%8a%d8%aa%d9%88%d9%86-%d8%b9%d9%86%d8%af%d9%8a-%d9%82%d9%86%d8%a7%d8%b9%d8%a9-%d8%a7%d9%84%d9%87%d9%8a%d8%a8%d8%a9,1,https://old.reddit.com/r/arabicmusic/
http://arbiyamp3.com/mp3/ana-fi-deea-hassan-nosseir,1,https://old.reddit.com/r/arabicmusic/
http://creatoronline.org/2022/01/09/schau-dir-yanni-prelude-love-is-all-the-tribute-concerts-1080p-remastered-restored-auf-youtube-an/,1,https://old.reddit.com/r/arabicmusic/
http://fulldynamix.com/7.php#zhngqatq9dj,1,https://old.reddit.com/r/arabicmusic/
http://imgur.com/wzpmbvm,1,https://old.reddit.com/r/arabicmusic/
http://jakartarecords-label.bandcamp.com/track/youssra-el-hawary-ghareeb-an-el-medina-brenk-remix,1,https://old.reddit.com/r/arabicmusic/
http://krimcars.com/i_6z_4kjwb3,1,https://old.reddit.com/r/arabicmusic/
http://nogomistars.com/albums.asp,1,https://old.reddit.com/r/arabicmusic/
http://priyom.org/media/209406/arabic_music.mp3,1,https://old.reddit.com/r/arabicmusic/
http://rollaacademy.com/course/arabic-classes/,1,https://old.reddit.com/r/arabicmusic/
http://saraellithy90.blogspot.com/2020/10/tissue-seller.html#.ygowcpwqeuk.reddit,1,https://old.reddit.com/r/arabicmusic/
http://www.arabxx.net/index.php/2018/02/23/dwqdsa/,1,https://old.reddit.com/r/arabicmusic/
http://www.hungama.com/album/dilbar-arabic/42493969/,1,https://old.reddit.com/r/arabicmusic/
http://www.ournia.co/artist/bassma-boussel,1,https://old.reddit.com/r/arabicmusic/
http://www.youtube.com/attribution_link?a=i5spqbstvrg&amp;u=%2fwatch%3fv%3dfbugx6gklm8%26feature%3dshare,1,https://old.reddit.com/r/arabicmusic/
http://www.youtube.com/attribution_link?a=qmorgmqfvia&amp;u=%2fwatch%3fv%3dpzwbfa9j80e%26feature%3dshare,1,https://old.reddit.com/r/arabicmusic/
http://www.youtube.com/watch?v=kpe73whhwmk,1,https://old.reddit.com/r/arabicmusic/
http://www.youtube.com/watch?v=tdffpyjtvqg,1,https://old.reddit.com/r/arabicmusic/
http://www.youtube.com/watch?v=y0aqdfuiwsk,1,https://old.reddit.com/r/arabicmusic/
http://youtube.com/watch?v=buycblkxzni,1,https://old.reddit.com/r/arabicmusic/
https://aflamsexnek.com/%d8%aa%d8%ad%d9%85%d9%8a%d9%84-%d8%a7%d9%81%d9%84%d8%a7%d9%85-%d8%b3%d9%83%d8%b3/%d8%b3%d9%83%d8%b3-%d9%85%d8%aa%d8%b1%d8%ac%d9%85-%d8%a8%d8%b9%d9%86%d9%88%d8%a7%d9%86-%d9%86%d9%8a%d9%83-%d8%a7%d9%85%d8%a7%d9%85-%d8%a7%d9%84%d8%a3%d8%a8-%d8%a7%d9%84%d8%a7%d8%b9%d9%85%d9%8a-%d9%88.html,1,https://old.reddit.com/r/arabicmusic/
https://aflamsexnek.com/%d8%b3%d9%83%d8%b3-%d9%83%d9%88%d9%8a%d8%aa%d9%8a/%d8%b4%d8%b1%d9%85%d9%88%d8%b7%d8%a9-%d8%aa%d9%81%d9%84%d8%b9-%d9%81%d9%8a-%d8%a7%d9%84%d8%ad%d9%85%d8%a7%d9%85-%d9%88%d8%aa%d9%86%d9%8a%d9%83-%d9%86%d9%81%d8%b3%d9%87%d8%a7-%d8%a8%d8%ae%d9%8a%d8%a7.html,1,https://old.reddit.com/r/arabicmusic/
https://aflamsexnek.com/%d8%b3%d9%83%d8%b3-%d9%85%d8%b5%d8%b1%d9%8a/%d9%86%d9%8a%d9%83-%d8%b9%d8%b0%d8%b1%d8%a7%d8%a1-%d9%85%d8%b5%d8%b1%d9%8a%d8%a9-%d8%ac%d9%85%d9%8a%d9%84%d8%a9-%d9%85%d9%86-%d8%ae%d8%a7%d8%b1%d8%ac-%d9%83%d8%b3%d9%87%d8%a7-%d8%a8%d8%b9%d8%af-%d9%85.html,1,https://old.reddit.com/r/arabicmusic/
https://arabhealthblogs.blogspot.com/2021/07/uae-take-the-first-step-to-healthier-heart-with-top-10-heart-failure-surgeons-in-india.html,1,https://old.reddit.com/r/arabicmusic/
https://barroon.net/radio/song.mp3,1,https://old.reddit.com/r/arabicmusic/
https://bramg.net/download-gta-10/,1,https://old.reddit.com/r/arabicmusic/
https://corrector-eg.com/%d9%84%d9%85%d8%a7%d8%b0%d8%a7-%d9%86%d9%84%d9%88%d9%85-%d8%a7%d9%86%d9%81%d8%b3%d9%86%d8%a7/,1,https://old.reddit.com/r/arabicmusic/
https://ethseqmusic.bandcamp.com/track/tomorrows-hope,1,https://old.reddit.com/r/arabicmusic/
https://ghazal.store,1,https://old.reddit.com/r/arabicmusic/
https://i.redd.it/24qz6bfpxr441.png,1,https://old.reddit.com/r/arabicmusic/
https://i.redd.it/379hvc6p2t371.jpg,1,https://old.reddit.com/r/arabicmusic/
https://i.redd.it/a5f15gmqmp451.jpg,1,https://old.reddit.com/r/arabicmusic/
https://i.redd.it/fhuooa3tl7p81.png,1,https://old.reddit.com/r/arabicmusic/
https://i.redd.it/h74axixm87d41.jpg,1,https://old.reddit.com/r/arabicmusic/
https://i.redd.it/kuhmmqyt1ft61.jpg,1,https://old.reddit.com/r/arabicmusic/
https://i.redd.it/mg9wo6lj01zz.jpg,1,https://old.reddit.com/r/arabicmusic/
https://i.redd.it/njw5bsr7mz691.jpg,1,https://old.reddit.com/r/arabicmusic/
https://i.redd.it/q1ay2umgfaj71.jpg,1,https://old.reddit.com/r/arabicmusic/
https://i.redd.it/rpizfrrm8ns81.jpg,1,https://old.reddit.com/r/arabicmusic/
https://i.redd.it/rrn4qsgp60wy.jpg,1,https://old.reddit.com/r/arabicmusic/
https://i.redd.it/ur9q5ttcsyu61.jpg,1,https://old.reddit.com/r/arabicmusic/
https://i.redd.it/x5ql3aidjtp81.png,1,https://old.reddit.com/r/arabicmusic/
https://i.redd.it/yoolia4drn051.jpg,1,https://old.reddit.com/r/arabicmusic/
https://i.redd.it/ysttaz3kj3p01.jpg,1,https://old.reddit.com/r/arabicmusic/
https://instagram.com/arabicindiecom?igshid=ke9sgmuen9je,1,https://old.reddit.com/r/arabicmusic/
https://linktr.ee/eslam556,1,https://old.reddit.com/r/arabicmusic/
https://m.youtube.com/watch?v=27lmaomybou&amp;t=1666s,1,https://old.reddit.com/r/arabicmusic/
https://m.youtube.com/watch?v=csc1cnzmcy4,1,https://old.reddit.com/r/arabicmusic/
https://m.youtube.com/watch?v=f_rrk9yttam,1,https://old.reddit.com/r/arabicmusic/
https://m.youtube.com/watch?v=hmwoounsmfm,1,https://old.reddit.com/r/arabicmusic/
https://m.youtube.com/watch?v=ucdabjayve0,1,https://old.reddit.com/r/arabicmusic/
https://musicdailyyy.blogspot.com/2021/05/urvashi-rautela-and-mohamed-ramadan.html?m=1,1,https://old.reddit.com/r/arabicmusic/
https://onlinesequencer.net/406963,1,https://old.reddit.com/r/arabicmusic/
https://open.spotify.com/album/0bsuztotilf2ym3bka1eqe,1,https://old.reddit.com/r/arabicmusic/
https://open.spotify.com/playlist/0iln9xetclimazufqa2txn,1,https://old.reddit.com/r/arabicmusic/
https://open.spotify.com/playlist/0ugzoxxydvj9xlqluw09jh?si=uulyekuwrmozjurux1ecza,1,https://old.reddit.com/r/arabicmusic/
https://open.spotify.com/playlist/1sbeuywtb0gf48wscsmu8k?si=0pwqp05wtyqq6m0pp3f4rq,1,https://old.reddit.com/r/arabicmusic/
https://open.spotify.com/playlist/1sbeuywtb0gf48wscsmu8k?si=ccffc38ed84e4b44,1,https://old.reddit.com/r/arabicmusic/
https://open.spotify.com/playlist/201z9pbvsmncv8zo7lkgi1?si=5wftlj37qk23g54y6ve-yg,1,https://old.reddit.com/r/arabicmusic/
https://open.spotify.com/playlist/3nbu4n41tfceuvai7etatm?si=5570c5e920b34c1e,1,https://old.reddit.com/r/arabicmusic/
https://open.spotify.com/playlist/4y8zrgkbmxhzfmatkw0u8o?si=jlumdgrcrh2mospxg3vhaw,1,https://old.reddit.com/r/arabicmusic/
https://open.spotify.com/playlist/5tdtg5p7psqbatobcmge7r?si=6qrps4y1quy1svkp_esg-a&amp;utm_source=native-share-menu&amp;dl_branch=1,1,https://old.reddit.com/r/arabicmusic/
https://open.spotify.com/playlist/6cyvg0naeuukhrocq06dxa?si=5n-bro1zsue9siiynv84gw&amp;utm_source=native-share-menu&amp;dl_branch=1,1,https://old.reddit.com/r/arabicmusic/
https://open.spotify.com/playlist/6xyg3aj63uxq1dbwvs86ps?si=finuys81ssotr2z1ckt95q,1,https://old.reddit.com/r/arabicmusic/
https://open.spotify.com/track/4ezs4kq0b9tuyri6ngxayr?si=atnjf23qskq8pu3rmi7vya&amp;utm_source=copy-link,1,https://old.reddit.com/r/arabicmusic/
https://open.spotify.com/track/6pl0feephlureatwdrhyyb?si=hppege-rt16xh8ysosmmdg,1,https://old.reddit.com/r/arabicmusic/
https://open.spotify.com/user/21sxcoewazamsbfqu2mkqzshy/playlist/0qxb2rkuwjizj808wwuxdo?si=mvulav8mrtyym5gyvqwpbg,1,https://old.reddit.com/r/arabicmusic/
https://open.spotify.com/user/josephedward_86/playlist/5k5r0yikwpjrxffpfozhdh?si=hx_ogbjtt3sutv2gbuybcw,1,https://old.reddit.com/r/arabicmusic/
https://open.spotify.com/user/salmandean/playlist/0iln9xetclimazufqa2txn?si=ux79jsysrscxmtmuh5iivw,1,https://old.reddit.com/r/arabicmusic/
https://play.anghami.com/playlist/196280256?bid=/8vhmjng6cdb,1,https://old.reddit.com/r/arabicmusic/
https://play.google.com/store/apps/details?id=com.phoenix.musiqaa,1,https://old.reddit.com/r/arabicmusic/
https://play.google.com/store/apps/details?id=com.vpn_free_super.super_vpn_best_vpn_unlimited_trusted_vpn_service_2019,1,https://old.reddit.com/r/arabicmusic/
https://restofworld.org/2021/why-an-abu-dhabi-based-streaming-app-is-the-future-of-the-global-music-industry/,1,https://old.reddit.com/r/arabicmusic/
https://soundcloud.com/3-bada/mhqaevf7d3j3,1,https://old.reddit.com/r/arabicmusic/
https://soundcloud.com/ahmed-hamdy-2-1/rim-banna-the-absent-one,1,https://old.reddit.com/r/arabicmusic/
https://soundcloud.com/almawja/sets/soft-cheeks-20-20,1,https://old.reddit.com/r/arabicmusic/
https://soundcloud.com/alshehab-omar/track-21,1,https://old.reddit.com/r/arabicmusic/
https://soundcloud.com/amanwellh/amanwellh-2018 hope you enjoy it,1,https://old.reddit.com/r/arabicmusic/
https://soundcloud.com/amir-monir-2/aziz-maraka-bent-el-nas-live,1,https://old.reddit.com/r/arabicmusic/
https://soundcloud.com/dj-h-bomb/elyanna-ana-lahale-feat-massari-djhbomb-remix?ref=clipboard&amp;p=i&amp;c=1,1,https://old.reddit.com/r/arabicmusic/
https://soundcloud.com/el-rass-the-head/el-rass-el-far3i-e-stichrak,1,https://old.reddit.com/r/arabicmusic/
https://soundcloud.com/elto7fageyya18/ensemble-morkos-ya-maliha,1,https://old.reddit.com/r/arabicmusic/
https://soundcloud.com/gamal-salem-al-zeer/rdzswud7mp03,1,https://old.reddit.com/r/arabicmusic/
https://soundcloud.com/heshamnazih/qvgjnhjdzo6q,1,https://old.reddit.com/r/arabicmusic/
https://soundcloud.com/i94_sl00m/qxo0dcu7falc,1,https://old.reddit.com/r/arabicmusic/
https://soundcloud.com/l-mi/x5syj4wtbg3s,1,https://old.reddit.com/r/arabicmusic/
https://soundcloud.com/les-yeux-orange/premiere-ishai-adar-feat-maurice-sarfati-ana-belephoneq,1,https://old.reddit.com/r/arabicmusic/
https://soundcloud.com/loukanda/7eovhwehomoe,1,https://old.reddit.com/r/arabicmusic/
https://soundcloud.com/mafidinmafishi/yasmine,1,https://old.reddit.com/r/arabicmusic/
https://soundcloud.com/mahmoud-kassem-1/2nwzcvrye0zz,1,https://old.reddit.com/r/arabicmusic/
https://soundcloud.com/margibmusic/bollyarab,1,https://old.reddit.com/r/arabicmusic/
https://soundcloud.com/moseqar/coldplay-magic-moseqar-remix,1,https://old.reddit.com/r/arabicmusic/
https://soundcloud.com/nehadatef/qf5diup3fdli,1,https://old.reddit.com/r/arabicmusic/
https://soundcloud.com/obskurberlin/hans-hardn-btb-ektdow,1,https://old.reddit.com/r/arabicmusic/
https://soundcloud.com/paperplanes1948/um-kalthoum-love-betrayed-us-remix-1948,1,https://old.reddit.com/r/arabicmusic/
https://soundcloud.com/pseudomonas/iuix6cfcxm6e,1,https://old.reddit.com/r/arabicmusic/
https://soundcloud.com/qonami/a-sonnet-for-a-rainy-day,1,https://old.reddit.com/r/arabicmusic/
https://soundcloud.com/sahran-m/mn_ana,1,https://old.reddit.com/r/arabicmusic/
https://soundcloud.com/user-103401346/arabic-song,1,https://old.reddit.com/r/arabicmusic/
https://soundcloud.com/user-923083503/rif-dach-shiff-dach,1,https://old.reddit.com/r/arabicmusic/
https://soundcloud.com/user920734957/sgnlu2ya3dac,1,https://old.reddit.com/r/arabicmusic/
https://soundcloud.com/yahia-mohammed-alaa/jufi6r6dlkgt,1,https://old.reddit.com/r/arabicmusic/
https://taqs.im/aliya-cycon/,1,https://old.reddit.com/r/arabicmusic/
https://tarek-elhosen.com,1,https://old.reddit.com/r/arabicmusic/
https://tgr2018.typeform.com/to/csvl,1,https://old.reddit.com/r/arabicmusic/
https://twitter.com/basharsabaawi70/status/1107767831981105153?s=20,1,https://old.reddit.com/r/arabicmusic/
https://v.redd.it/12rgb2gvmu161,1,https://old.reddit.com/r/arabicmusic/
https://v.redd.it/1369xue7m5o31,1,https://old.reddit.com/r/arabicmusic/
https://v.redd.it/1hdan56dyef71,1,https://old.reddit.com/r/arabicmusic/
https://v.redd.it/2ple930dky631,1,https://old.reddit.com/r/arabicmusic/
https://v.redd.it/3dvzs8pg68y51,1,https://old.reddit.com/r/arabicmusic/
https://v.redd.it/3v9iabqiho451,1,https://old.reddit.com/r/arabicmusic/
https://v.redd.it/8dgoqyqrpex81,1,https://old.reddit.com/r/arabicmusic/
https://v.redd.it/9kvxhoghfe161,1,https://old.reddit.com/r/arabicmusic/
https://v.redd.it/ahip8unaaim71,1,https://old.reddit.com/r/arabicmusic/
https://v.redd.it/diuw1g422ab61,1,https://old.reddit.com/r/arabicmusic/
https://v.redd.it/doi670ux8vs31,1,https://old.reddit.com/r/arabicmusic/
https://v.redd.it/ekq0pa11fum81,1,https://old.reddit.com/r/arabicmusic/
https://v.redd.it/fd3wzkszdt271,1,https://old.reddit.com/r/arabicmusic/
https://v.redd.it/gnwf8vecoo171,1,https://old.reddit.com/r/arabicmusic/
https://v.redd.it/hdlxed2dtfl81,1,https://old.reddit.com/r/arabicmusic/
https://v.redd.it/hi13d73r87f41,1,https://old.reddit.com/r/arabicmusic/
https://v.redd.it/is1pyfb5dmg81,1,https://old.reddit.com/r/arabicmusic/
https://v.redd.it/jp0vjnzfgpp11,1,https://old.reddit.com/r/arabicmusic/
https://v.redd.it/jyo732ir8qo51,1,https://old.reddit.com/r/arabicmusic/
https://v.redd.it/ls3sqfuv35051,1,https://old.reddit.com/r/arabicmusic/
https://v.redd.it/lu0nrg9i2zh71,1,https://old.reddit.com/r/arabicmusic/
https://v.redd.it/n198e1ag31w31,1,https://old.reddit.com/r/arabicmusic/
https://v.redd.it/n5emkxmv1o451,1,https://old.reddit.com/r/arabicmusic/
https://v.redd.it/nsdkkcjimjw61,1,https://old.reddit.com/r/arabicmusic/
https://v.redd.it/nzh3srpbsf071,1,https://old.reddit.com/r/arabicmusic/
https://v.redd.it/ozr1ren0v1t41,1,https://old.reddit.com/r/arabicmusic/
https://v.redd.it/pqyy0muho7o31,1,https://old.reddit.com/r/arabicmusic/
https://v.redd.it/q08yi2blikh71,1,https://old.reddit.com/r/arabicmusic/
https://v.redd.it/q7bgqro57gu41,1,https://old.reddit.com/r/arabicmusic/
https://v.redd.it/t8gvic3j76o61,1,https://old.reddit.com/r/arabicmusic/
https://v.redd.it/ta99gm6j2n721,1,https://old.reddit.com/r/arabicmusic/
https://v.redd.it/ucauiysiwu691,1,https://old.reddit.com/r/arabicmusic/
https://v.redd.it/un3bbua8pv841,1,https://old.reddit.com/r/arabicmusic/
https://v.redd.it/vdx2xuq6cn871,1,https://old.reddit.com/r/arabicmusic/
https://v.redd.it/vqzh2lldz9c11,1,https://old.reddit.com/r/arabicmusic/
https://v.redd.it/w7tpxodcnyu21,1,https://old.reddit.com/r/arabicmusic/
https://v.redd.it/ymbgniir5z531,1,https://old.reddit.com/r/arabicmusic/
https://v.redd.it/zgkg8yv0y4i71,1,https://old.reddit.com/r/arabicmusic/
https://voca.ro/19vwplukm2kv,1,https://old.reddit.com/r/arabicmusic/
https://vocaroo.com/1bpyhc9ughvj,1,https://old.reddit.com/r/arabicmusic/
https://vocaroo.com/i/s1hwocssey0a,1,https://old.reddit.com/r/arabicmusic/
https://www.dropbox.com/s/pwmnym5nq7lqzmg/soundrecord-2019-03-15-21-55-10.wav?dl=0,1,https://old.reddit.com/r/arabicmusic/
https://www.facebook.com/arabvines.instagram/videos/vb.221207688037596/613713998786961/?type=2&amp;theater&amp;notif_t=like&amp;notif_id=1468781494849588,1,https://old.reddit.com/r/arabicmusic/
https://www.instagram.com/p/chwmyuyj2ak/?utm_source=ig_web_copy_link,1,https://old.reddit.com/r/arabicmusic/
https://www.instagram.com/tv/b7awdb5gxfx/?utm_source=ig_web_button_share_sheet,1,https://old.reddit.com/r/arabicmusic/
https://www.lyricsovera2z.com/7elma-lyrics-balti/,1,https://old.reddit.com/r/arabicmusic/
https://www.lyricsovera2z.com/ahla-snin-lyrics-adam-x-balti/,1,https://old.reddit.com/r/arabicmusic/
https://www.lyricsovera2z.com/ahlan-wa-sahlan-lyrics-maya-diab/,1,https://old.reddit.com/r/arabicmusic/
https://www.lyricsovera2z.com/albi-ma-biehdar-akhbar-lyrics-sara-al-zakaria/,1,https://old.reddit.com/r/arabicmusic/
https://www.lyricsovera2z.com/ana-ma-eli-bel-hob-lyrics-adam/,1,https://old.reddit.com/r/arabicmusic/
https://www.lyricsovera2z.com/arafa-lyrics-lege-cy/,1,https://old.reddit.com/r/arabicmusic/
https://www.lyricsovera2z.com/chetori-gol-lyrics-tohi/,1,https://old.reddit.com/r/arabicmusic/
https://www.lyricsovera2z.com/elbakht-lyrics-wegz-arabic/,1,https://old.reddit.com/r/arabicmusic/
https://www.lyricsovera2z.com/flower-lyrics-gnawi/,1,https://old.reddit.com/r/arabicmusic/
https://www.lyricsovera2z.com/janoub-al-darb-lyrics-balqees/,1,https://old.reddit.com/r/arabicmusic/
https://www.lyricsovera2z.com/la-teghannili-lyrics-rawan-arabic/,1,https://old.reddit.com/r/arabicmusic/
https://www.lyricsovera2z.com/malkosh-makan-gwana-lyrics-muslim/,1,https://old.reddit.com/r/arabicmusic/
https://www.lyricsovera2z.com/rebta-zoghbia-lyrics-taytmaters/,1,https://old.reddit.com/r/arabicmusic/
https://www.lyricsovera2z.com/sawa-sawa-lyrics-hussein-al-deek/,1,https://old.reddit.com/r/arabicmusic/
https://www.lyricsovera2z.com/ya-nabi-salam-alayka-lyrics-maher-zain/,1,https://old.reddit.com/r/arabicmusic/
https://www.lyricsovera2z.com/zaffe-mhrajan-lyrics-muhannad-khalaf/,1,https://old.reddit.com/r/arabicmusic/
https://www.mixcloud.com/jethrosandico/detained-and-deported-world-music-vol-1/,1,https://old.reddit.com/r/arabicmusic/
https://www.playbuzz.com/riteshp11/arabic-songs-from-ahmed-mubarak-uae,1,https://old.reddit.com/r/arabicmusic/
https://www.postaat.com/%d8%a3%d8%b1%d8%ae%d8%b5-%d8%af%d9%88%d8%a7%d8%a1-%d9%81%d9%8a-%d8%a7%d9%84%d8%b9%d8%a7%d9%84%d9%85/,1,https://old.reddit.com/r/arabicmusic/
https://www.postaat.com/%d8%a3%d8%b7%d8%b9%d9%85%d8%a9-%d8%aa%d8%b3%d8%a8%d8%a8-%d8%a7%d9%84%d8%b9%d8%b7%d8%b4-%d8%ad%d8%a7%d9%88%d9%84-%d8%aa%d8%ac%d9%86%d8%a8%d9%87%d8%a7-%d9%81%d9%8a-%d8%b1%d9%85%d8%b6%d8%a7%d9%86/,1,https://old.reddit.com/r/arabicmusic/
https://www.postaat.com/%d8%a8%d9%88%d8%b3%d8%aa%d8%a7%d8%aa-%d8%b9%d9%86-%d8%a7%d9%84%d8%a7%d8%ae-%d9%84%d9%84%d9%81%d9%8a%d8%b3-2018/,1,https://old.reddit.com/r/arabicmusic/
https://www.postaat.com/%d9%88%d8%b5%d9%81%d8%a9-%d8%b2%d9%8a%d8%aa-%d8%ad%d8%a8%d8%a9-%d8%a7%d9%84%d8%a8%d8%b1%d9%83%d8%a9-%d9%84%d9%84%d8%b4%d8%b9%d8%b1/,1,https://old.reddit.com/r/arabicmusic/
https://www.postaat.com/read-blog/365_افضل-10-افلام-2017-top-10-movies.html,1,https://old.reddit.com/r/arabicmusic/
https://www.qalimat.com/lyrics/%d9%83%d9%84%d9%85%d8%a7%d8%aa-%d8%a7%d8%ba%d9%86%d9%8a%d8%a9-%d9%85%d9%85%d9%86%d9%88%d9%86-%d8%a8%d9%88-%d9%83%d9%84%d8%ab%d9%88%d9%85/,1,https://old.reddit.com/r/arabicmusic/
https://www.qalimat.com/lyrics/%d9%83%d9%84%d9%85%d8%a7%d8%aa-%d8%a7%d8%ba%d9%86%d9%8a%d8%a9-%d9%85%d9%85%d9%86%d9%88%d9%86-%d8%a8%d9%88-%d9%83%d9%84%d8%ab%d9%88%d9%85/?feed_id=584&amp;_unique_id=5f4dfe2f29f0e,1,https://old.reddit.com/r/arabicmusic/
https://www.reddit.com/gallery/lzg1dm,1,https://old.reddit.com/r/arabicmusic/
https://www.reddit.com/r/arabicmusic/comments/qp4mhe/deleted_by_user/,1,https://old.reddit.com/r/arabicmusic/
https://www.reddit.com/r/arabicmusic/comments/qtzyd2/deleted_by_user/,1,https://old.reddit.com/r/arabicmusic/
https://www.reddit.com/r/cryptocurrency/comments/nt52um/new_song/?utm_medium=android_app&amp;utm_source=share,1,https://old.reddit.com/r/arabicmusic/
https://www.reddit.com/r/egypt/comments/hftxhu/hey_i_am_an_egyptian_based_producer_and_wanted/,1,https://old.reddit.com/r/arabicmusic/
https://www.reddit.com/r/libya/comments/lym30h/,1,https://old.reddit.com/r/arabicmusic/
https://www.reddit.com/u/jacket_overall?utm_medium=android_app&amp;utm_source=share,1,https://old.reddit.com/r/arabicmusic/
https://www.theabsentone.com/2019/12/why-sad-music.html,1,https://old.reddit.com/r/arabicmusic/
https://www.youtube.com/attribution_link?a=-aasdq1eqls&amp;u=%2fwatch%3fv%3doon6hje65kk%26feature%3dshare,1,https://old.reddit.com/r/arabicmusic/
https://www.youtube.com/attribution_link?a=2nrcjqvlops&amp;u=%2fwatch%3fv%3d5xn332zhzfc%26feature%3dshare,1,https://old.reddit.com/r/arabicmusic/
https://www.youtube.com/attribution_link?a=64s6a2wkt6i&amp;u=%2fwatch%3fv%3dobhb0bo-hpw%26feature%3dshare,1,https://old.reddit.com/r/arabicmusic/
https://www.youtube.com/attribution_link?a=6mjwbzyzzbo&amp;u=%2fwatch%3fv%3db6tk4igi_uo%26feature%3dshare,1,https://old.reddit.com/r/arabicmusic/
https://www.youtube.com/attribution_link?a=86bfrr-c4a0&amp;u=%2fwatch%3fv%3d_u_eg6mglmy%26feature%3dshare,1,https://old.reddit.com/r/arabicmusic/
https://www.youtube.com/attribution_link?a=8ihci6jet5o&amp;u=%2fwatch%3fv%3dhqn_h4a4ahw%26feature%3dshare,1,https://old.reddit.com/r/arabicmusic/
https://www.youtube.com/attribution_link?a=8ihzftig6j0&amp;u=%2fwatch%3fv%3djneqatqptka%26feature%3dshare,1,https://old.reddit.com/r/arabicmusic/
https://www.youtube.com/attribution_link?a=9ahaxhogtkm&amp;u=%2fwatch%3fv%3dvndz7s5u3zk%26feature%3dshare,1,https://old.reddit.com/r/arabicmusic/
https://www.youtube.com/attribution_link?a=_7cqsf7ucqm&amp;u=%2fwatch%3fv%3dfpsp7zxucfg%26feature%3dshare,1,https://old.reddit.com/r/arabicmusic/
https://www.youtube.com/attribution_link?a=_sawf8sqxya&amp;u=%2fwatch%3fv%3dc1z-nyk90kk%26feature%3dshare,1,https://old.reddit.com/r/arabicmusic/
https://www.youtube.com/attribution_link?a=_ym44flhgiu&amp;u=%2fwatch%3fv%3dbdlxgbowi7u%26feature%3dshare,1,https://old.reddit.com/r/arabicmusic/
https://www.youtube.com/attribution_link?a=b3vpthqmnjg&amp;u=%2fwatch%3fv%3di99bbdcr4ti%26feature%3dshare,1,https://old.reddit.com/r/arabicmusic/
https://www.youtube.com/attribution_link?a=b9_660kos5y&amp;u=%2fwatch%3fv%3duwa76j87aag%26feature%3dshare,1,https://old.reddit.com/r/arabicmusic/
https://www.youtube.com/attribution_link?a=bdskeulh_lo&amp;u=%2fwatch%3fv%3dbyjp2xgc10m%26feature%3dshare,1,https://old.reddit.com/r/arabicmusic/
https://www.youtube.com/attribution_link?a=bunyrn3k9kk&amp;u=%2fwatch%3fv%3dk-j_il8zip4%26feature%3dshare,1,https://old.reddit.com/r/arabicmusic/
https://www.youtube.com/attribution_link?a=c5ilootl5rc&amp;u=%2fwatch%3fv%3d1c2j1rhidxg%26feature%3dshare,1,https://old.reddit.com/r/arabicmusic/
https://www.youtube.com/attribution_link?a=crfdu9pnwia&amp;u=%2fwatch%3fv%3dt2mlrevk1ve%26feature%3dshare,1,https://old.reddit.com/r/arabicmusic/
https://www.youtube.com/attribution_link?a=dkazhlfvk7s&amp;u=%2fwatch%3fv%3di-c6hpb488s%26feature%3dshare,1,https://old.reddit.com/r/arabicmusic/
https://www.youtube.com/attribution_link?a=doji45v5a5w&amp;u=%2fwatch%3fv%3dmyic3un613k%26feature%3dshare,1,https://old.reddit.com/r/arabicmusic/
https://www.youtube.com/attribution_link?a=egvwti4rdjo&amp;u=%2fwatch%3fv%3d6bo5wvjr7im%26feature%3dshare,1,https://old.reddit.com/r/arabicmusic/
https://www.youtube.com/attribution_link?a=eyiueaenorw&amp;u=%2fwatch%3fv%3dm3_soci0bnw%26feature%3dshare,1,https://old.reddit.com/r/arabicmusic/
https://www.youtube.com/attribution_link?a=f-w9lkd1cos&amp;u=%2fwatch%3fv%3dgjd1nwvrdoi%26feature%3dshare,1,https://old.reddit.com/r/arabicmusic/
https://www.youtube.com/attribution_link?a=f2gverayv5i&amp;u=%2fwatch%3fv%3dbqt6pzlk_xu%26feature%3dshare,1,https://old.reddit.com/r/arabicmusic/
https://www.youtube.com/attribution_link?a=fk8lwylkl4u&amp;u=%2fwatch%3fv%3dlbns82xauvk%26feature%3dshare,1,https://old.reddit.com/r/arabicmusic/
https://www.youtube.com/attribution_link?a=fqy3geziylg&amp;u=%2fwatch%3fv%3dqfega3h-xbe%26feature%3dshare,1,https://old.reddit.com/r/arabicmusic/
https://www.youtube.com/attribution_link?a=gjx2ssnawqs&amp;u=%2fwatch%3fv%3dflqvw3qo4km%26feature%3dshare,1,https://old.reddit.com/r/arabicmusic/
https://www.youtube.com/attribution_link?a=gyba7x20c4i&amp;u=%2fwatch%3fv%3dm2e86pyplnu%26feature%3dshare,1,https://old.reddit.com/r/arabicmusic/
https://www.youtube.com/attribution_link?a=h_fqkyie1pk&amp;u=%2fwatch%3fv%3d4mbhjuyc_bs%26feature%3dshare,1,https://old.reddit.com/r/arabicmusic/
https://www.youtube.com/attribution_link?a=ie7a5jqlbkw&amp;u=%2fwatch%3fv%3d30tvdfcttna%26feature%3dshare,1,https://old.reddit.com/r/arabicmusic/
https://www.youtube.com/attribution_link?a=j2tirb-j4a4&amp;u=%2fwatch%3fv%3d6oz200kuhvy%26feature%3dshare,1,https://old.reddit.com/r/arabicmusic/
https://www.youtube.com/attribution_link?a=jvy9kazoqpg&amp;u=%2fwatch%3fv%3drs7ms0lwv68%26feature%3dshare,1,https://old.reddit.com/r/arabicmusic/
https://www.youtube.com/attribution_link?a=khw-wcob4ju&amp;u=%2fwatch%3fv%3d4zupwsmhsrw%26feature%3dshare,1,https://old.reddit.com/r/arabicmusic/
https://www.youtube.com/attribution_link?a=kwyfpdzp84a&amp;u=%2fwatch%3fv%3dw4sv4dewngw%26feature%3dshare,1,https://old.reddit.com/r/arabicmusic/
https://www.youtube.com/attribution_link?a=la-y7h2kn7g&amp;u=%2fwatch%3fv%3dm2zk2kc4bdk%26feature%3dshare,1,https://old.reddit.com/r/arabicmusic/
https://www.youtube.com/attribution_link?a=nef8jjlavzo&amp;u=%2fwatch%3fv%3ddudea7b4mni%26feature%3dshare,1,https://old.reddit.com/r/arabicmusic/
https://www.youtube.com/attribution_link?a=o16p0hqmo58&amp;u=%2fwatch%3fv%3d8vimy_why8g%26feature%3dshare,1,https://old.reddit.com/r/arabicmusic/
https://www.youtube.com/attribution_link?a=ojfkmnvcx6c&amp;u=%2fwatch%3fv%3doervai2rupm%26feature%3dshare,1,https://old.reddit.com/r/arabicmusic/
https://www.youtube.com/attribution_link?a=rgeqj28i7a8&amp;u=%2fwatch%3fv%3dlymhbe-lgou%26feature%3dshare,1,https://old.reddit.com/r/arabicmusic/
https://www.youtube.com/attribution_link?a=sflxulqtdb0&amp;u=%2fwatch%3fv%3ddrbu68pexs0%26feature%3dshare,1,https://old.reddit.com/r/arabicmusic/
https://www.youtube.com/attribution_link?a=sfrdvigitbo&amp;u=%2fwatch%3fv%3dj3aggucsmca%26feature%3dshare,1,https://old.reddit.com/r/arabicmusic/
https://www.youtube.com/attribution_link?a=szfqrxluo5y&amp;u=%2fwatch%3fv%3dtalmo3ksk5k%26feature%3dshare,1,https://old.reddit.com/r/arabicmusic/
https://www.youtube.com/attribution_link?a=u0fdbunsdks&amp;u=%2fwatch%3fv%3dnk0decq2xyu%26feature%3dshare,1,https://old.reddit.com/r/arabicmusic/
https://www.youtube.com/attribution_link?a=u0it9ifbvk8&amp;u=%2fwatch%3fv%3dtdniajvlh_o%26feature%3dshare,1,https://old.reddit.com/r/arabicmusic/
https://www.youtube.com/attribution_link?a=ud7axsn0s58&amp;u=%2fwatch%3fv%3dtkfn-9gunfi%26feature%3dshare,1,https://old.reddit.com/r/arabicmusic/
https://www.youtube.com/attribution_link?a=w0-b-r3vglc&amp;u=%2fwatch%3fv%3d1yr7bkqkgos%26feature%3dshare,1,https://old.reddit.com/r/arabicmusic/
https://www.youtube.com/attribution_link?a=wegurwtid6e&amp;u=%2fwatch%3fv%3d2ez1obivm-k%26feature%3dshare,1,https://old.reddit.com/r/arabicmusic/
https://www.youtube.com/attribution_link?a=xzq25txnyaw&amp;u=%2fwatch%3fv%3dfm7__n-wzec%26feature%3dshare,1,https://old.reddit.com/r/arabicmusic/
https://www.youtube.com/attribution_link?a=ylwcgo5qmiq&amp;u=%2fwatch%3fv%3dp7aqzyzx64q%26feature%3dshare,1,https://old.reddit.com/r/arabicmusic/
https://www.youtube.com/attribution_link?a=z-iyhb_777e&amp;u=%2fwatch%3fv%3dd6reev90ibq%26feature%3dshare,1,https://old.reddit.com/r/arabicmusic/
https://www.youtube.com/attribution_link?a=zngjifkh-7i&amp;u=%2fwatch%3fv%3dyftmd_bhohy%26feature%3dshare,1,https://old.reddit.com/r/arabicmusic/
https://www.youtube.com/attribution_link?a=zrsntdk9wks&amp;u=%2fwatch%3fv%3difgyfntp4o0%26feature%3dshare,1,https://old.reddit.com/r/arabicmusic/
https://www.youtube.com/edit?o=u&amp;video_id=gasqgedwbyi,1,https://old.reddit.com/r/arabicmusic/
https://www.youtube.com/playlist?list=pln-x1u_zfngjoruv59dcnc_tlpgecbqrx,1,https://old.reddit.com/r/arabicmusic/
https://www.youtube.com/watch?v=-_obcfufviq,1,https://old.reddit.com/r/arabicmusic/
https://www.youtube.com/watch?v=-qk_vk0oybi,1,https://old.reddit.com/r/arabicmusic/
https://www.youtube.com/watch?v=1hf8wucafva,1,https://old.reddit.com/r/arabicmusic/
https://www.youtube.com/watch?v=1rk5mp72_y8&amp;feature=share,1,https://old.reddit.com/r/arabicmusic/
https://www.youtube.com/watch?v=1zohogdrxao,1,https://old.reddit.com/r/arabicmusic/
https://www.youtube.com/watch?v=240izk1wqfc&amp;t=2s,1,https://old.reddit.com/r/arabicmusic/
https://www.youtube.com/watch?v=2uqnmsih1ag,1,https://old.reddit.com/r/arabicmusic/
https://www.youtube.com/watch?v=5svp6oxjwzk,1,https://old.reddit.com/r/arabicmusic/
https://www.youtube.com/watch?v=63dy8r-lrz0,1,https://old.reddit.com/r/arabicmusic/
https://www.youtube.com/watch?v=63dy8r-lrz0,1,https://old.reddit.com/r/arabicmusic/
https://www.youtube.com/watch?v=6j0grtj9vg8&amp;feature=share,1,https://old.reddit.com/r/arabicmusic/
https://www.youtube.com/watch?v=74sc9359whi,1,https://old.reddit.com/r/arabicmusic/
https://www.youtube.com/watch?v=7gtp_3iyvtg,1,https://old.reddit.com/r/arabicmusic/
https://www.youtube.com/watch?v=7xmnczuokxq,1,https://old.reddit.com/r/arabicmusic/
https://www.youtube.com/watch?v=8wftimdtnja,1,https://old.reddit.com/r/arabicmusic/
https://www.youtube.com/watch?v=9e9klo3ix4w&amp;feature=share,1,https://old.reddit.com/r/arabicmusic/
https://www.youtube.com/watch?v=9xg6ncvpix0&amp;list=rd9xg6ncvpix0&amp;start_radio=1,1,https://old.reddit.com/r/arabicmusic/
https://www.youtube.com/watch?v=_4zennsmane,1,https://old.reddit.com/r/arabicmusic/
https://www.youtube.com/watch?v=_qnehwtznde,1,https://old.reddit.com/r/arabicmusic/
https://www.youtube.com/watch?v=_v_k2vqce6q,1,https://old.reddit.com/r/arabicmusic/
https://www.youtube.com/watch?v=a5hfrnnkq2y,1,https://old.reddit.com/r/arabicmusic/
https://www.youtube.com/watch?v=a_budn5icby,1,https://old.reddit.com/r/arabicmusic/
https://www.youtube.com/watch?v=akxgeo0qabc,1,https://old.reddit.com/r/arabicmusic/
https://www.youtube.com/watch?v=alay_-eifvm,1,https://old.reddit.com/r/arabicmusic/
https://www.youtube.com/watch?v=apsjbrgewhc,1,https://old.reddit.com/r/arabicmusic/
https://www.youtube.com/watch?v=at4-onz0p7a,1,https://old.reddit.com/r/arabicmusic/
https://www.youtube.com/watch?v=b9tdm8echxo,1,https://old.reddit.com/r/arabicmusic/
https://www.youtube.com/watch?v=bafx2aod4lw,1,https://old.reddit.com/r/arabicmusic/
https://www.youtube.com/watch?v=bhmrzjgi4h0,1,https://old.reddit.com/r/arabicmusic/
https://www.youtube.com/watch?v=cdcqxo3k_u4,1,https://old.reddit.com/r/arabicmusic/
https://www.youtube.com/watch?v=ceo2cwn75w8&amp;feature=share,1,https://old.reddit.com/r/arabicmusic/
https://www.youtube.com/watch?v=cn1merrm53y,1,https://old.reddit.com/r/arabicmusic/
https://www.youtube.com/watch?v=cnx9r8aideu,1,https://old.reddit.com/r/arabicmusic/
https://www.youtube.com/watch?v=cv4kstggyfa,1,https://old.reddit.com/r/arabicmusic/
https://www.youtube.com/watch?v=cv4kstggyfa,1,https://old.reddit.com/r/arabicmusic/
https://www.youtube.com/watch?v=dfkhvrzanvq,1,https://old.reddit.com/r/arabicmusic/
https://www.youtube.com/watch?v=dr-jcnkypna,1,https://old.reddit.com/r/arabicmusic/
https://www.youtube.com/watch?v=dvhwhzuhnrg,1,https://old.reddit.com/r/arabicmusic/
https://www.youtube.com/watch?v=ej4tke43oow,1,https://old.reddit.com/r/arabicmusic/
https://www.youtube.com/watch?v=fcx0opk0olm,1,https://old.reddit.com/r/arabicmusic/
https://www.youtube.com/watch?v=flqvw3qo4km,1,https://old.reddit.com/r/arabicmusic/
https://www.youtube.com/watch?v=fy2bauogu4o,1,https://old.reddit.com/r/arabicmusic/
https://www.youtube.com/watch?v=gnwnyp17cxe,1,https://old.reddit.com/r/arabicmusic/
https://www.youtube.com/watch?v=gsivlkwwdkk,1,https://old.reddit.com/r/arabicmusic/
https://www.youtube.com/watch?v=havqv1bi-pa,1,https://old.reddit.com/r/arabicmusic/
https://www.youtube.com/watch?v=hclmqod8zyg,1,https://old.reddit.com/r/arabicmusic/
https://www.youtube.com/watch?v=hly_fkjyycs,1,https://old.reddit.com/r/arabicmusic/
https://www.youtube.com/watch?v=hnltneu8tow,1,https://old.reddit.com/r/arabicmusic/
https://www.youtube.com/watch?v=hrte5zen-w0&amp;feature=youtu.be,1,https://old.reddit.com/r/arabicmusic/
https://www.youtube.com/watch?v=hvubojweu9y,1,https://old.reddit.com/r/arabicmusic/
https://www.youtube.com/watch?v=ioulzyj_fgq,1,https://old.reddit.com/r/arabicmusic/
https://www.youtube.com/watch?v=jbl3echihz8,1,https://old.reddit.com/r/arabicmusic/
https://www.youtube.com/watch?v=jggmwzkcstu,1,https://old.reddit.com/r/arabicmusic/
https://www.youtube.com/watch?v=kcarbyv-wxk&amp;t=199s&amp;ab_channel=agreendilshad,1,https://old.reddit.com/r/arabicmusic/
https://www.youtube.com/watch?v=kexplurenly,1,https://old.reddit.com/r/arabicmusic/
https://www.youtube.com/watch?v=kl3qtbnyn-0,1,https://old.reddit.com/r/arabicmusic/
https://www.youtube.com/watch?v=km5xvnru4ui,1,https://old.reddit.com/r/arabicmusic/
https://www.youtube.com/watch?v=l8q0qjthycq,1,https://old.reddit.com/r/arabicmusic/
https://www.youtube.com/watch?v=lhnmvsb-rxc,1,https://old.reddit.com/r/arabicmusic/
https://www.youtube.com/watch?v=lxsfyzvz288,1,https://old.reddit.com/r/arabicmusic/
https://www.youtube.com/watch?v=m3v-pnogogm,1,https://old.reddit.com/r/arabicmusic/
https://www.youtube.com/watch?v=mlbd8swukho&amp;list=plkcrbn8wpf15ckf1gouvbuxej8e2qjdpc&amp;index=2,1,https://old.reddit.com/r/arabicmusic/
https://www.youtube.com/watch?v=mo60jktnmby&amp;feature=youtu.be,1,https://old.reddit.com/r/arabicmusic/
https://www.youtube.com/watch?v=myyp9wp5l3w,1,https://old.reddit.com/r/arabicmusic/
https://www.youtube.com/watch?v=n3lihq-i2ho,1,https://old.reddit.com/r/arabicmusic/
https://www.youtube.com/watch?v=ndctaluvzci&amp;feature=youtu.be,1,https://old.reddit.com/r/arabicmusic/
https://www.youtube.com/watch?v=nxojdhuc63i,1,https://old.reddit.com/r/arabicmusic/
https://www.youtube.com/watch?v=nznx9_s4zaq,1,https://old.reddit.com/r/arabicmusic/
https://www.youtube.com/watch?v=o3bzx6osmuq,1,https://old.reddit.com/r/arabicmusic/
https://www.youtube.com/watch?v=o6llzkosc_q,1,https://old.reddit.com/r/arabicmusic/
https://www.youtube.com/watch?v=oamxtujye3c&amp;feature=share,1,https://old.reddit.com/r/arabicmusic/
https://www.youtube.com/watch?v=p1h2uxxsjvk,1,https://old.reddit.com/r/arabicmusic/
https://www.youtube.com/watch?v=p1synivoqi4,1,https://old.reddit.com/r/arabicmusic/
https://www.youtube.com/watch?v=p3gdeyoxbps,1,https://old.reddit.com/r/arabicmusic/
https://www.youtube.com/watch?v=q3g8uzcqppm,1,https://old.reddit.com/r/arabicmusic/
https://www.youtube.com/watch?v=qabhr9irafi,1,https://old.reddit.com/r/arabicmusic/
https://www.youtube.com/watch?v=qbvql6lixoa,1,https://old.reddit.com/r/arabicmusic/
https://www.youtube.com/watch?v=qfk5o4raifu,1,https://old.reddit.com/r/arabicmusic/
https://www.youtube.com/watch?v=qq_dsfscibo,1,https://old.reddit.com/r/arabicmusic/
https://www.youtube.com/watch?v=qukkixwqyx0,1,https://old.reddit.com/r/arabicmusic/
https://www.youtube.com/watch?v=qukkixwqyx0,1,https://old.reddit.com/r/arabicmusic/
https://www.youtube.com/watch?v=rphfq6tmb6a,1,https://old.reddit.com/r/arabicmusic/
https://www.youtube.com/watch?v=s_ddjkqmi2y,1,https://old.reddit.com/r/arabicmusic/
https://www.youtube.com/watch?v=ssbzlxsvck8,1,https://old.reddit.com/r/arabicmusic/
https://www.youtube.com/watch?v=ub8iicptino,1,https://old.reddit.com/r/arabicmusic/
https://www.youtube.com/watch?v=uh6l44_bliy&amp;t=17s,1,https://old.reddit.com/r/arabicmusic/
https://www.youtube.com/watch?v=vkxnyzo--_4,1,https://old.reddit.com/r/arabicmusic/
https://www.youtube.com/watch?v=wvfh7pmmmxk,1,https://old.reddit.com/r/arabicmusic/
https://www.youtube.com/watch?v=x2-ho-9eexk,1,https://old.reddit.com/r/arabicmusic/
https://www.youtube.com/watch?v=x_o-iubrae0,1,https://old.reddit.com/r/arabicmusic/
https://www.youtube.com/watch?v=x_o-iubrae0,1,https://old.reddit.com/r/arabicmusic/
https://www.youtube.com/watch?v=xagodzysces,1,https://old.reddit.com/r/arabicmusic/
https://www.youtube.com/watch?v=xfdpd2y6qwc,1,https://old.reddit.com/r/arabicmusic/
https://www.youtube.com/watch?v=xftom8xwvwk,1,https://old.reddit.com/r/arabicmusic/
https://www.youtube.com/watch?v=xftom8xwvwk,1,https://old.reddit.com/r/arabicmusic/
https://www.youtube.com/watch?v=xmuoz-lp6ew,1,https://old.reddit.com/r/arabicmusic/
https://www.youtube.com/watch?v=xmuoz-lp6ew,1,https://old.reddit.com/r/arabicmusic/
https://www.youtube.com/watch?v=xmuoz-lp6ew,1,https://old.reddit.com/r/arabicmusic/
https://www.youtube.com/watch?v=xmuoz-lp6ew,1,https://old.reddit.com/r/arabicmusic/
https://www.youtube.com/watch?v=xmuoz-lp6ew,1,https://old.reddit.com/r/arabicmusic/
https://www.youtube.com/watch?v=xmuoz-lp6ew,1,https://old.reddit.com/r/arabicmusic/
https://www.youtube.com/watch?v=xozfwj6ayta,1,https://old.reddit.com/r/arabicmusic/
https://www.youtube.com/watch?v=xrw6de8coqu,1,https://old.reddit.com/r/arabicmusic/
https://www.youtube.com/watch?v=xxugp3r2woe,1,https://old.reddit.com/r/arabicmusic/
https://www.youtube.com/watch?v=y8j04iwwvew,1,https://old.reddit.com/r/arabicmusic/
https://www.youtube.com/watch?v=yknxpekvjis,1,https://old.reddit.com/r/arabicmusic/
https://www.youtube.com/watch?v=z-fbaaxz5hs,1,https://old.reddit.com/r/arabicmusic/
https://www.youtube.com/watch?v=zktupeeko3e,1,https://old.reddit.com/r/arabicmusic/
https://www.youtube.com/watch?v=zujmysthyrq&amp;app=desktop,1,https://old.reddit.com/r/arabicmusic/
https://youtu.be/-frzcb3hqes,1,https://old.reddit.com/r/arabicmusic/
https://youtu.be/-ihrcnf9uw4,1,https://old.reddit.com/r/arabicmusic/
https://youtu.be/-kuzhpcwhgg?list=flu7m9rz8lu_9m5ktgsonkma,1,https://old.reddit.com/r/arabicmusic/
https://youtu.be/-s0lpzxob-a,1,https://old.reddit.com/r/arabicmusic/
https://youtu.be/0gmx1y8vcvw,1,https://old.reddit.com/r/arabicmusic/
https://youtu.be/0gtbuagnvfk,1,https://old.reddit.com/r/arabicmusic/
https://youtu.be/0hl1e1rra6q,1,https://old.reddit.com/r/arabicmusic/
https://youtu.be/15xywe8ugbi,1,https://old.reddit.com/r/arabicmusic/
https://youtu.be/1gbg8vmdpzq,1,https://old.reddit.com/r/arabicmusic/
https://youtu.be/1v5-rfmet8q,1,https://old.reddit.com/r/arabicmusic/
https://youtu.be/21t5u9qtblk,1,https://old.reddit.com/r/arabicmusic/
https://youtu.be/2uv8zdt0i2m,1,https://old.reddit.com/r/arabicmusic/
https://youtu.be/37us_-sadpy,1,https://old.reddit.com/r/arabicmusic/
https://youtu.be/3pslbbxygqq,1,https://old.reddit.com/r/arabicmusic/
https://youtu.be/3xv2uii_dpy,1,https://old.reddit.com/r/arabicmusic/
https://youtu.be/4f405qmfvji,1,https://old.reddit.com/r/arabicmusic/
https://youtu.be/4rg1lkbksuk,1,https://old.reddit.com/r/arabicmusic/
https://youtu.be/5gxylp01uaa,1,https://old.reddit.com/r/arabicmusic/
https://youtu.be/6-dy7x2tjg8,1,https://old.reddit.com/r/arabicmusic/
https://youtu.be/7isjbeuurne,1,https://old.reddit.com/r/arabicmusic/
https://youtu.be/7o4lirbhyzs,1,https://old.reddit.com/r/arabicmusic/
https://youtu.be/85ezpdrrbtw?t=49,1,https://old.reddit.com/r/arabicmusic/
https://youtu.be/8d_dacqatti,1,https://old.reddit.com/r/arabicmusic/
https://youtu.be/8d_dacqatti,1,https://old.reddit.com/r/arabicmusic/
https://youtu.be/8f8i04e1rbi,1,https://old.reddit.com/r/arabicmusic/
https://youtu.be/9_ggcdthuhw,1,https://old.reddit.com/r/arabicmusic/
https://youtu.be/9njmsgtp7na,1,https://old.reddit.com/r/arabicmusic/
https://youtu.be/9zunr_exuqg,1,https://old.reddit.com/r/arabicmusic/
https://youtu.be/_jq3hlimfu4,1,https://old.reddit.com/r/arabicmusic/
https://youtu.be/_p_fta9j7hi,1,https://old.reddit.com/r/arabicmusic/
https://youtu.be/a33jn-xezyq,1,https://old.reddit.com/r/arabicmusic/
https://youtu.be/abi8cdlvjp8,1,https://old.reddit.com/r/arabicmusic/
https://youtu.be/ao7gxtxtvdw,1,https://old.reddit.com/r/arabicmusic/
https://youtu.be/avcnvdlwb0m,1,https://old.reddit.com/r/arabicmusic/
https://youtu.be/ay4v-pmihly,1,https://old.reddit.com/r/arabicmusic/
https://youtu.be/b4cpzt4m0yk,1,https://old.reddit.com/r/arabicmusic/
https://youtu.be/b62txcmakei,1,https://old.reddit.com/r/arabicmusic/
https://youtu.be/bezy45wdwag,1,https://old.reddit.com/r/arabicmusic/
https://youtu.be/bhn4d8nnwl8?start=143&amp;end=161,1,https://old.reddit.com/r/arabicmusic/
https://youtu.be/bkg6lovvyvm?t=30,1,https://old.reddit.com/r/arabicmusic/
https://youtu.be/bkqmpckuv9q,1,https://old.reddit.com/r/arabicmusic/
https://youtu.be/bnsurcmvfeg,1,https://old.reddit.com/r/arabicmusic/
https://youtu.be/btwsoybdimk,1,https://old.reddit.com/r/arabicmusic/
https://youtu.be/bydjeh09cew,1,https://old.reddit.com/r/arabicmusic/
https://youtu.be/c60jiosgizm?t=6m37s,1,https://old.reddit.com/r/arabicmusic/
https://youtu.be/cru7w3zhoco,1,https://old.reddit.com/r/arabicmusic/
https://youtu.be/csylueczepk,1,https://old.reddit.com/r/arabicmusic/
https://youtu.be/cvg7ptcrgo8,1,https://old.reddit.com/r/arabicmusic/
https://youtu.be/cvzh-1g-qi8,1,https://old.reddit.com/r/arabicmusic/
https://youtu.be/cw_sra2hvfu,1,https://old.reddit.com/r/arabicmusic/
https://youtu.be/cxl3byqudfc,1,https://old.reddit.com/r/arabicmusic/
https://youtu.be/dc539_nb7pa,1,https://old.reddit.com/r/arabicmusic/
https://youtu.be/dcnz1b9s-ay,1,https://old.reddit.com/r/arabicmusic/
https://youtu.be/dfjdp8djw4e,1,https://old.reddit.com/r/arabicmusic/
https://youtu.be/dfquyepiu2w,1,https://old.reddit.com/r/arabicmusic/
https://youtu.be/dndhvirhelu,1,https://old.reddit.com/r/arabicmusic/
https://youtu.be/dnqdbd1msyg,1,https://old.reddit.com/r/arabicmusic/
https://youtu.be/dr4xobdxhe4,1,https://old.reddit.com/r/arabicmusic/
https://youtu.be/duodea9poa4,1,https://old.reddit.com/r/arabicmusic/
https://youtu.be/f09mxd97jfi,1,https://old.reddit.com/r/arabicmusic/
https://youtu.be/f8q-bnhogps,1,https://old.reddit.com/r/arabicmusic/
https://youtu.be/feqbkvm6q3i,1,https://old.reddit.com/r/arabicmusic/
https://youtu.be/fkats4w9fhy,1,https://old.reddit.com/r/arabicmusic/
https://youtu.be/fmsaag2bk2i,1,https://old.reddit.com/r/arabicmusic/
https://youtu.be/fsudswdsura,1,https://old.reddit.com/r/arabicmusic/
https://youtu.be/g5fqdoshalg,1,https://old.reddit.com/r/arabicmusic/
https://youtu.be/gaq0pzcyzgy,1,https://old.reddit.com/r/arabicmusic/
https://youtu.be/gpfwnw0-voc,1,https://old.reddit.com/r/arabicmusic/
https://youtu.be/gqfbm2dr2vq,1,https://old.reddit.com/r/arabicmusic/
https://youtu.be/gtdblnkpoow,1,https://old.reddit.com/r/arabicmusic/
https://youtu.be/hcjg-q-dxi8,1,https://old.reddit.com/r/arabicmusic/
https://youtu.be/hhmnprq6a-g,1,https://old.reddit.com/r/arabicmusic/
https://youtu.be/hnqcvrainmc,1,https://old.reddit.com/r/arabicmusic/
https://youtu.be/hqg702hcnbs,1,https://old.reddit.com/r/arabicmusic/
https://youtu.be/hydrpvbnxwm,1,https://old.reddit.com/r/arabicmusic/
https://youtu.be/iccfivbi-ow,1,https://old.reddit.com/r/arabicmusic/
https://youtu.be/igsazdayaee,1,https://old.reddit.com/r/arabicmusic/
https://youtu.be/inl52zirm04,1,https://old.reddit.com/r/arabicmusic/
https://youtu.be/iykizfnjiqu,1,https://old.reddit.com/r/arabicmusic/
https://youtu.be/jat1rfmh7vc,1,https://old.reddit.com/r/arabicmusic/
https://youtu.be/jefefvudsuq,1,https://old.reddit.com/r/arabicmusic/
https://youtu.be/jhp3qwuvqyc,1,https://old.reddit.com/r/arabicmusic/
https://youtu.be/jna8zukgsam,1,https://old.reddit.com/r/arabicmusic/
https://youtu.be/jrq0jj9tgie,1,https://old.reddit.com/r/arabicmusic/
https://youtu.be/jzxrbnjdm_4,1,https://old.reddit.com/r/arabicmusic/
https://youtu.be/k-vqf94gjgy,1,https://old.reddit.com/r/arabicmusic/
https://youtu.be/k4bh_nmzkpe,1,https://old.reddit.com/r/arabicmusic/
https://youtu.be/kaqcuozndxo,1,https://old.reddit.com/r/arabicmusic/
https://youtu.be/ldxqijb-sjc?t=109,1,https://old.reddit.com/r/arabicmusic/
https://youtu.be/lhmsni_wf5i,1,https://old.reddit.com/r/arabicmusic/
https://youtu.be/lt8laqq71do,1,https://old.reddit.com/r/arabicmusic/
https://youtu.be/mc2gajwknty,1,https://old.reddit.com/r/arabicmusic/
https://youtu.be/mgnooywd8c8,1,https://old.reddit.com/r/arabicmusic/
https://youtu.be/mkhfwpuxizy,1,https://old.reddit.com/r/arabicmusic/
https://youtu.be/mnj6ly8fpgi,1,https://old.reddit.com/r/arabicmusic/
https://youtu.be/mnvgd4nrbxu,1,https://old.reddit.com/r/arabicmusic/
https://youtu.be/myyjuduf4sy,1,https://old.reddit.com/r/arabicmusic/
https://youtu.be/n4lfwjrgxv4,1,https://old.reddit.com/r/arabicmusic/
https://youtu.be/n6rahqxw6vq,1,https://old.reddit.com/r/arabicmusic/
https://youtu.be/nd7bqfbzhnq,1,https://old.reddit.com/r/arabicmusic/
https://youtu.be/o2ssq6kuqmo,1,https://old.reddit.com/r/arabicmusic/
https://youtu.be/olvjogne8xa,1,https://old.reddit.com/r/arabicmusic/
https://youtu.be/oyktyfr7uew,1,https://old.reddit.com/r/arabicmusic/
https://youtu.be/ozqdlikbf2i,1,https://old.reddit.com/r/arabicmusic/
https://youtu.be/p1-2i_l4lha,1,https://old.reddit.com/r/arabicmusic/
https://youtu.be/p_4hxkqymle,1,https://old.reddit.com/r/arabicmusic/
https://youtu.be/pd4depcgeik,1,https://old.reddit.com/r/arabicmusic/
https://youtu.be/pr21r5f6r8y,1,https://old.reddit.com/r/arabicmusic/
https://youtu.be/pvqr236sj54,1,https://old.reddit.com/r/arabicmusic/
https://youtu.be/pwnfui7d48o,1,https://old.reddit.com/r/arabicmusic/
https://youtu.be/qbrb1ycsl8k,1,https://old.reddit.com/r/arabicmusic/
https://youtu.be/qleukdb1hbw,1,https://old.reddit.com/r/arabicmusic/
https://youtu.be/r38-1kvnatu,1,https://old.reddit.com/r/arabicmusic/
https://youtu.be/rjpssrg88g8,1,https://old.reddit.com/r/arabicmusic/
https://youtu.be/rjqsfkhzz70,1,https://old.reddit.com/r/arabicmusic/
https://youtu.be/rjt-exen-y4,1,https://old.reddit.com/r/arabicmusic/
https://youtu.be/sdibfz6ev_m,1,https://old.reddit.com/r/arabicmusic/
https://youtu.be/sebtpznctms,1,https://old.reddit.com/r/arabicmusic/
https://youtu.be/sefgwsg3rsu?t=10,1,https://old.reddit.com/r/arabicmusic/
https://youtu.be/sgxfdx802rs,1,https://old.reddit.com/r/arabicmusic/
https://youtu.be/sxh0ryjvpbc,1,https://old.reddit.com/r/arabicmusic/
https://youtu.be/tzrm01gm_0k,1,https://old.reddit.com/r/arabicmusic/
https://youtu.be/uvvuwvzbi5a,1,https://old.reddit.com/r/arabicmusic/
https://youtu.be/vb2melklyge,1,https://old.reddit.com/r/arabicmusic/
https://youtu.be/vmkn3winuws,1,https://old.reddit.com/r/arabicmusic/
https://youtu.be/vq_lhq9knbi,1,https://old.reddit.com/r/arabicmusic/
https://youtu.be/wdha4y2w5hy,1,https://old.reddit.com/r/arabicmusic/
https://youtu.be/wkdhriu8u5i,1,https://old.reddit.com/r/arabicmusic/
https://youtu.be/woc6epemjma,1,https://old.reddit.com/r/arabicmusic/
https://youtu.be/wpyb8sawocs,1,https://old.reddit.com/r/arabicmusic/
https://youtu.be/wwycnealtqm,1,https://old.reddit.com/r/arabicmusic/
https://youtu.be/x1atmpqsrrg,1,https://old.reddit.com/r/arabicmusic/
https://youtu.be/xahapuv6kmg,1,https://old.reddit.com/r/arabicmusic/
https://youtu.be/xcj7efhg230,1,https://old.reddit.com/r/arabicmusic/
https://youtu.be/xk0ivmmpfvw,1,https://old.reddit.com/r/arabicmusic/
https://youtu.be/xtgmkr7hwwa,1,https://old.reddit.com/r/arabicmusic/
https://youtu.be/y0wns-ruvtm,1,https://old.reddit.com/r/arabicmusic/
https://youtu.be/y8ck5ah5aje,1,https://old.reddit.com/r/arabicmusic/
https://youtu.be/y99bgohuxhe,1,https://old.reddit.com/r/arabicmusic/
https://youtu.be/ypd9hczp2hk,1,https://old.reddit.com/r/arabicmusic/
https://youtu.be/z_vglyuakau,1,https://old.reddit.com/r/arabicmusic/
https://youtu.be/zbxcmgmqhoo,1,https://old.reddit.com/r/arabicmusic/
https://youtu.be/zd4ddgkr4_w,1,https://old.reddit.com/r/arabicmusic/
https://youtu.be/zniiqtihhta,1,https://old.reddit.com/r/arabicmusic/
https://youtu.be/zoygawkcozs,1,https://old.reddit.com/r/arabicmusic/
https://youtu.be/zx7ftdsmyhm,1,https://old.reddit.com/r/arabicmusic/
https://youtu.be/zyqz2aeytby,1,https://old.reddit.com/r/arabicmusic/
https://youtube.com/watch?v=-cxok5xwmcc&amp;feature=share,1,https://old.reddit.com/r/arabicmusic/
https://youtube.com/watch?v=-i4vxzinpgu&amp;feature=share,1,https://old.reddit.com/r/arabicmusic/
https://youtube.com/watch?v=5ilg-jqh27k,1,https://old.reddit.com/r/arabicmusic/
https://youtube.com/watch?v=5kzjndaj6c4&amp;feature=share,1,https://old.reddit.com/r/arabicmusic/
https://youtube.com/watch?v=6d2dzvbc6h0&amp;feature=share,1,https://old.reddit.com/r/arabicmusic/
https://youtube.com/watch?v=6d2dzvbc6h0&amp;feature=share,1,https://old.reddit.com/r/arabicmusic/
https://youtube.com/watch?v=6d2dzvbc6h0&amp;feature=share,1,https://old.reddit.com/r/arabicmusic/
https://youtube.com/watch?v=6d2dzvbc6h0&amp;feature=share,1,https://old.reddit.com/r/arabicmusic/
https://youtube.com/watch?v=7ut3d9rt04e&amp;feature=share,1,https://old.reddit.com/r/arabicmusic/
https://youtube.com/watch?v=cehh4mljons&amp;feature=share,1,https://old.reddit.com/r/arabicmusic/
https://youtube.com/watch?v=cybu7fhedzg&amp;feature=share,1,https://old.reddit.com/r/arabicmusic/
https://youtube.com/watch?v=fqb7vpggdte&amp;feature=share,1,https://old.reddit.com/r/arabicmusic/
https://youtube.com/watch?v=git4ttejjwc&amp;feature=share,1,https://old.reddit.com/r/arabicmusic/
https://youtube.com/watch?v=gowfrjlsgkm&amp;feature=share,1,https://old.reddit.com/r/arabicmusic/
https://youtube.com/watch?v=hom0ghmigqe&amp;feature=share,1,https://old.reddit.com/r/arabicmusic/
https://youtube.com/watch?v=hpeeenwpt-a&amp;feature=share,1,https://old.reddit.com/r/arabicmusic/
https://youtube.com/watch?v=kzlheips_yq&amp;feature=share,1,https://old.reddit.com/r/arabicmusic/
https://youtube.com/watch?v=luddqilshmm&amp;feature=share,1,https://old.reddit.com/r/arabicmusic/
https://youtube.com/watch?v=mpuxokjcmbm&amp;feature=share,1,https://old.reddit.com/r/arabicmusic/
https://youtube.com/watch?v=nhf-nwdxfso&amp;feature=share,1,https://old.reddit.com/r/arabicmusic/
https://youtube.com/watch?v=repasml3svu&amp;feature=share,1,https://old.reddit.com/r/arabicmusic/
https://youtube.com/watch?v=rnwnvroxakw&amp;feature=share,1,https://old.reddit.com/r/arabicmusic/
https://youtube.com/watch?v=rttbwychsfs&amp;feature=share,1,https://old.reddit.com/r/arabicmusic/
https://youtube.com/watch?v=so9qmstwbpu&amp;feature=share,1,https://old.reddit.com/r/arabicmusic/
https://youtube.com/watch?v=tmpywlficxk&amp;feature=share,1,https://old.reddit.com/r/arabicmusic/
https://youtube.com/watch?v=v3aupmonsa8&amp;feature=share,1,https://old.reddit.com/r/arabicmusic/
https://youtube.com/watch?v=v7gsl44yfxc&amp;feature=share,1,https://old.reddit.com/r/arabicmusic/
https://youtube.com/watch?v=vxx3m8rwktc&amp;feature=share,1,https://old.reddit.com/r/arabicmusic/
https://youtube.com/watch?v=wo0hf4sqauc&amp;feature=share,1,https://old.reddit.com/r/arabicmusic/
https://youtube.com/watch?v=wr2qeanpugo&amp;feature=share,1,https://old.reddit.com/r/arabicmusic/
https://youtube.com/watch?v=ws5zx8mjktg&amp;feature=share,1,https://old.reddit.com/r/arabicmusic/
https://youtube.com/watch?v=xfhcncznxws&amp;feature=share,1,https://old.reddit.com/r/arabicmusic/
https://youtube.com/watch?v=yjhfc46ojuq&amp;feature=share,1,https://old.reddit.com/r/arabicmusic/
https://youtube.com/watch?v=yu4drrusc5c&amp;feature=share,1,https://old.reddit.com/r/arabicmusic/
https://youtube.com/watch?v=z4k2eck6wog&amp;feature=share,1,https://old.reddit.com/r/arabicmusic/
http://hearussingh.com/hoj6wzu3ts,0,https://old.reddit.com/r/arabicmusic/
http://www.youtube.com/attribution_link?a=6knmmqb5e74&amp;u=%2fwatch%3fv%3drxzuqjdmibe%26feature%3dshare,0,https://old.reddit.com/r/arabicmusic/
http://www.youtube.com/attribution_link?a=nlj7dlljsqs&amp;u=%2fwatch%3fv%3dspjpybj_lus%26feature%3dshare,0,https://old.reddit.com/r/arabicmusic/
https://i.redd.it/buo0kheinlj01.jpg,0,https://old.reddit.com/r/arabicmusic/
https://i.redd.it/gb7d5c0q5yfz.png,0,https://old.reddit.com/r/arabicmusic/
https://m.youtube.com/watch?v=ao6e5xuk_4e,0,https://old.reddit.com/r/arabicmusic/
https://m.youtube.com/watch?v=sgqkd7lthks,0,https://old.reddit.com/r/arabicmusic/
https://www.postaat.com/%d8%a7%d9%81%d8%b6%d9%84-10-%d9%87%d9%88%d8%a7%d8%aa%d9%81-%d9%84%d8%b9%d8%a7%d9%85-2017-%d8%b5%d9%88%d8%aa-%d9%84%d9%87%d8%a7%d8%aa%d9%81%d9%83-%d8%a7%d9%84%d9%85%d9%81%d8%b6%d9%84/,0,https://old.reddit.com/r/arabicmusic/
https://www.youtube.com/attribution_link?a=c1oif23jvam&amp;u=%2fwatch%3fv%3dmulclh-66vq%26feature%3dshare,0,https://old.reddit.com/r/arabicmusic/
https://www.youtube.com/attribution_link?a=hwlu_v_1r5e&amp;u=%2fwatch%3fv%3dz6xbveykm_q%26feature%3dshare,0,https://old.reddit.com/r/arabicmusic/
https://www.youtube.com/attribution_link?a=icegjy2zjri&amp;u=%2fwatch%3fv%3d8p4wbszmcdw%26feature%3dshare,0,https://old.reddit.com/r/arabicmusic/
https://www.youtube.com/attribution_link?a=lj1bppqrxza&amp;u=%2fwatch%3fv%3dswqtaspwdnm%26feature%3dshare,0,https://old.reddit.com/r/arabicmusic/
https://www.youtube.com/attribution_link?a=nbypdr_kore&amp;u=%2fwatch%3fv%3dmlahapey7ok%26feature%3dshare,0,https://old.reddit.com/r/arabicmusic/
https://www.youtube.com/attribution_link?a=vz72u6brl7u&amp;u=%2fwatch%3fv%3dytfccaftw_m%26feature%3dshare,0,https://old.reddit.com/r/arabicmusic/
https://www.youtube.com/attribution_link?a=yl9oaagpr50&amp;u=%2fwatch%3fv%3dnploz-jamqq%26feature%3dshare,0,https://old.reddit.com/r/arabicmusic/
https://www.youtube.com/attribution_link?a=z0tdyt6enpw&amp;u=%2fwatch%3fv%3d2eypg6zxunm%26feature%3dshare,0,https://old.reddit.com/r/arabicmusic/
https://www.youtube.com/channel/ucd6qzgvqm3svudhgzc6yqzw,0,https://old.reddit.com/r/arabicmusic/
https://www.youtube.com/watch?v=9d5zowtgwvs,0,https://old.reddit.com/r/arabicmusic/
https://www.youtube.com/watch?v=cm8ml4rafqa,0,https://old.reddit.com/r/arabicmusic/
https://www.youtube.com/watch?v=enz-lkdry0o,0,https://old.reddit.com/r/arabicmusic/
https://www.youtube.com/watch?v=fyjgc9an-v0&amp;feature=share,0,https://old.reddit.com/r/arabicmusic/
https://www.youtube.com/watch?v=fyjgc9an-v0&amp;feature=share,0,https://old.reddit.com/r/arabicmusic/
https://www.youtube.com/watch?v=il49pqby3qs,0,https://old.reddit.com/r/arabicmusic/
https://www.youtube.com/watch?v=lsafstc2jme,0,https://old.reddit.com/r/arabicmusic/
https://www.youtube.com/watch?v=nir9r6axkcc,0,https://old.reddit.com/r/arabicmusic/
https://www.youtube.com/watch?v=qf11b0dccs4,0,https://old.reddit.com/r/arabicmusic/
https://www.youtube.com/watch?v=zaf5pz4wboa&amp;feature=share,0,https://old.reddit.com/r/arabicmusic/
https://youtu.be/2mpeb-stis4,0,https://old.reddit.com/r/arabicmusic/
https://youtu.be/44gp0mq89_4,0,https://old.reddit.com/r/arabicmusic/
https://youtu.be/nhd9mg4f3ik,0,https://old.reddit.com/r/arabicmusic/
https://youtu.be/qqx7h1h_yjq,0,https://old.reddit.com/r/arabicmusic/
https://youtu.be/uqc2tfa8zym,0,https://old.reddit.com/r/arabicmusic/
https://youtu.be/wo_y9ur9xpw,0,https://old.reddit.com/r/arabicmusic/
https://youtube.com/watch?v=alniksl6kcc&amp;feature=share,0,https://old.reddit.com/r/arabicmusic/
https://youtube.com/watch?v=u5olymc-fdo&amp;feature=share,0,https://old.reddit.com/r/arabicmusic/
https://youtube.com/watch?v=xs5kggmfj3e&amp;feature=share,0,https://old.reddit.com/r/arabicmusic/
